Expression,Supported,SQL Func,Notes,Context,Params,BOOLEAN,BYTE,SHORT,INT,LONG,FLOAT,DOUBLE,DATE,TIMESTAMP,STRING,DECIMAL,NULL,BINARY,CALENDAR,ARRAY,MAP,STRUCT,UDT,DAYTIME,YEARMONTH
Abs,S,`abs`,None,project,input,NA,S,S,S,S,S,S,NA,NA,NA,S,NA,NA,NA,NA,NA,NA,NA,NA,NA
Abs,S,`abs`,None,project,result,NA,S,S,S,S,S,S,NA,NA,NA,S,NA,NA,NA,NA,NA,NA,NA,NA,NA
Abs,S,`abs`,None,AST,input,NA,NS,NS,S,S,S,S,NA,NA,NA,NS,NA,NA,NA,NA,NA,NA,NA,NA,NA
Abs,S,`abs`,None,AST,result,NA,NS,NS,S,S,S,S,NA,NA,NA,NS,NA,NA,NA,NA,NA,NA,NA,NA,NA
Acos,S,`acos`,None,project,input,NA,NA,NA,NA,NA,NA,S,NA,NA,NA,NA,NA,NA,NA,NA,NA,NA,NA,NA,NA
Acos,S,`acos`,None,project,result,NA,NA,NA,NA,NA,NA,S,NA,NA,NA,NA,NA,NA,NA,NA,NA,NA,NA,NA,NA
Acos,S,`acos`,None,AST,input,NA,NA,NA,NA,NA,NA,S,NA,NA,NA,NA,NA,NA,NA,NA,NA,NA,NA,NA,NA
Acos,S,`acos`,None,AST,result,NA,NA,NA,NA,NA,NA,S,NA,NA,NA,NA,NA,NA,NA,NA,NA,NA,NA,NA,NA
Acosh,S,`acosh`,None,project,input,NA,NA,NA,NA,NA,NA,S,NA,NA,NA,NA,NA,NA,NA,NA,NA,NA,NA,NA,NA
Acosh,S,`acosh`,None,project,result,NA,NA,NA,NA,NA,NA,S,NA,NA,NA,NA,NA,NA,NA,NA,NA,NA,NA,NA,NA
Acosh,S,`acosh`,None,AST,input,NA,NA,NA,NA,NA,NA,S,NA,NA,NA,NA,NA,NA,NA,NA,NA,NA,NA,NA,NA
Acosh,S,`acosh`,None,AST,result,NA,NA,NA,NA,NA,NA,S,NA,NA,NA,NA,NA,NA,NA,NA,NA,NA,NA,NA,NA
Add,S,`+`,None,project,lhs,NA,S,S,S,S,S,S,NA,NA,NA,S,NA,NA,NS,NA,NA,NA,NA,NS,NS
Add,S,`+`,None,project,rhs,NA,S,S,S,S,S,S,NA,NA,NA,S,NA,NA,NS,NA,NA,NA,NA,NS,NS
Add,S,`+`,None,project,result,NA,S,S,S,S,S,S,NA,NA,NA,S,NA,NA,NS,NA,NA,NA,NA,NS,NS
Add,S,`+`,None,AST,lhs,NA,NS,NS,S,S,S,S,NA,NA,NA,NS,NA,NA,NS,NA,NA,NA,NA,NS,NS
Add,S,`+`,None,AST,rhs,NA,NS,NS,S,S,S,S,NA,NA,NA,NS,NA,NA,NS,NA,NA,NA,NA,NS,NS
Add,S,`+`,None,AST,result,NA,NS,NS,S,S,S,S,NA,NA,NA,NS,NA,NA,NS,NA,NA,NA,NA,NS,NS
Alias,S, ,None,project,input,S,S,S,S,S,S,S,S,PS,S,S,S,S,NS,PS,PS,PS,NS,NS,NS
Alias,S, ,None,project,result,S,S,S,S,S,S,S,S,PS,S,S,S,S,NS,PS,PS,PS,NS,NS,NS
Alias,S, ,None,AST,input,S,S,S,S,S,S,S,S,PS,S,NS,NS,NS,NS,NS,NS,NS,NS,NS,NS
Alias,S, ,None,AST,result,S,S,S,S,S,S,S,S,PS,S,NS,NS,NS,NS,NS,NS,NS,NS,NS,NS
And,S,`and`,None,project,lhs,S,NA,NA,NA,NA,NA,NA,NA,NA,NA,NA,NA,NA,NA,NA,NA,NA,NA,NA,NA
And,S,`and`,None,project,rhs,S,NA,NA,NA,NA,NA,NA,NA,NA,NA,NA,NA,NA,NA,NA,NA,NA,NA,NA,NA
And,S,`and`,None,project,result,S,NA,NA,NA,NA,NA,NA,NA,NA,NA,NA,NA,NA,NA,NA,NA,NA,NA,NA,NA
And,S,`and`,None,AST,lhs,S,NA,NA,NA,NA,NA,NA,NA,NA,NA,NA,NA,NA,NA,NA,NA,NA,NA,NA,NA
And,S,`and`,None,AST,rhs,S,NA,NA,NA,NA,NA,NA,NA,NA,NA,NA,NA,NA,NA,NA,NA,NA,NA,NA,NA
And,S,`and`,None,AST,result,S,NA,NA,NA,NA,NA,NA,NA,NA,NA,NA,NA,NA,NA,NA,NA,NA,NA,NA,NA
ArrayContains,S,`array_contains`,None,project,array,NA,NA,NA,NA,NA,NA,NA,NA,NA,NA,NA,NA,NA,NA,PS,NA,NA,NA,NA,NA
ArrayContains,S,`array_contains`,None,project,key,S,S,S,S,S,S,S,S,PS,S,NS,NS,NS,NS,NS,NS,NS,NS,NS,NS
ArrayContains,S,`array_contains`,None,project,result,S,NA,NA,NA,NA,NA,NA,NA,NA,NA,NA,NA,NA,NA,NA,NA,NA,NA,NA,NA
ArrayExcept,S,`array_except`,This is not 100% compatible with the Spark version because the GPU implementation treats -0.0 and 0.0 as equal; but the CPU implementation currently does not (see SPARK-39845). Also; Apache Spark 3.1.3 fixed issue SPARK-36741 where NaNs in these set like operators were not treated as being equal. We have chosen to break with compatibility for the older versions of Spark in this instance and handle NaNs the same as 3.1.3+,project,array1,NA,NA,NA,NA,NA,NA,NA,NA,NA,NA,NA,NA,NA,NA,PS,NA,NA,NA,NA,NA
ArrayExcept,S,`array_except`,This is not 100% compatible with the Spark version because the GPU implementation treats -0.0 and 0.0 as equal; but the CPU implementation currently does not (see SPARK-39845). Also; Apache Spark 3.1.3 fixed issue SPARK-36741 where NaNs in these set like operators were not treated as being equal. We have chosen to break with compatibility for the older versions of Spark in this instance and handle NaNs the same as 3.1.3+,project,array2,NA,NA,NA,NA,NA,NA,NA,NA,NA,NA,NA,NA,NA,NA,PS,NA,NA,NA,NA,NA
ArrayExcept,S,`array_except`,This is not 100% compatible with the Spark version because the GPU implementation treats -0.0 and 0.0 as equal; but the CPU implementation currently does not (see SPARK-39845). Also; Apache Spark 3.1.3 fixed issue SPARK-36741 where NaNs in these set like operators were not treated as being equal. We have chosen to break with compatibility for the older versions of Spark in this instance and handle NaNs the same as 3.1.3+,project,result,NA,NA,NA,NA,NA,NA,NA,NA,NA,NA,NA,NA,NA,NA,PS,NA,NA,NA,NA,NA
ArrayExists,S,`exists`,None,project,argument,NA,NA,NA,NA,NA,NA,NA,NA,NA,NA,NA,NA,NA,NA,PS,NA,NA,NA,NA,NA
ArrayExists,S,`exists`,None,project,function,S,NA,NA,NA,NA,NA,NA,NA,NA,NA,NA,NA,NA,NA,NA,NA,NA,NA,NA,NA
ArrayExists,S,`exists`,None,project,result,S,NA,NA,NA,NA,NA,NA,NA,NA,NA,NA,NA,NA,NA,NA,NA,NA,NA,NA,NA
ArrayIntersect,S,`array_intersect`,This is not 100% compatible with the Spark version because the GPU implementation treats -0.0 and 0.0 as equal; but the CPU implementation currently does not (see SPARK-39845). Also; Apache Spark 3.1.3 fixed issue SPARK-36741 where NaNs in these set like operators were not treated as being equal. We have chosen to break with compatibility for the older versions of Spark in this instance and handle NaNs the same as 3.1.3+,project,array1,NA,NA,NA,NA,NA,NA,NA,NA,NA,NA,NA,NA,NA,NA,PS,NA,NA,NA,NA,NA
ArrayIntersect,S,`array_intersect`,This is not 100% compatible with the Spark version because the GPU implementation treats -0.0 and 0.0 as equal; but the CPU implementation currently does not (see SPARK-39845). Also; Apache Spark 3.1.3 fixed issue SPARK-36741 where NaNs in these set like operators were not treated as being equal. We have chosen to break with compatibility for the older versions of Spark in this instance and handle NaNs the same as 3.1.3+,project,array2,NA,NA,NA,NA,NA,NA,NA,NA,NA,NA,NA,NA,NA,NA,PS,NA,NA,NA,NA,NA
ArrayIntersect,S,`array_intersect`,This is not 100% compatible with the Spark version because the GPU implementation treats -0.0 and 0.0 as equal; but the CPU implementation currently does not (see SPARK-39845). Also; Apache Spark 3.1.3 fixed issue SPARK-36741 where NaNs in these set like operators were not treated as being equal. We have chosen to break with compatibility for the older versions of Spark in this instance and handle NaNs the same as 3.1.3+,project,result,NA,NA,NA,NA,NA,NA,NA,NA,NA,NA,NA,NA,NA,NA,PS,NA,NA,NA,NA,NA
ArrayMax,S,`array_max`,None,project,input,NA,NA,NA,NA,NA,NA,NA,NA,NA,NA,NA,NA,NA,NA,PS,NA,NA,NA,NA,NA
ArrayMax,S,`array_max`,None,project,result,S,S,S,S,S,S,S,S,PS,S,S,S,NS,NS,NS,NA,NS,NS,NA,NA
ArrayMin,S,`array_min`,None,project,input,NA,NA,NA,NA,NA,NA,NA,NA,NA,NA,NA,NA,NA,NA,PS,NA,NA,NA,NA,NA
ArrayMin,S,`array_min`,None,project,result,S,S,S,S,S,S,S,S,PS,S,S,S,NS,NS,NS,NA,NS,NS,NA,NA
ArrayRemove,S,`array_remove`,None,project,array,NS,NS,NS,NS,NS,NS,NS,NS,NS,NS,NS,NS,NS,NS,PS,NS,NS,NS,NS,NS
ArrayRemove,S,`array_remove`,None,project,element,S,S,S,S,S,S,S,S,PS,S,S,S,NS,NS,PS,PS,PS,NS,NS,NS
ArrayRemove,S,`array_remove`,None,project,result,NA,NA,NA,NA,NA,NA,NA,NA,NA,NA,NA,NA,NA,NA,PS,NA,NA,NA,NA,NA
ArrayRepeat,S,`array_repeat`,None,project,left,S,S,S,S,S,S,S,S,PS,S,S,S,NS,NS,PS,PS,PS,NS,NS,NS
ArrayRepeat,S,`array_repeat`,None,project,right,NA,S,S,S,S,NA,NA,NA,NA,NA,NA,NA,NA,NA,NA,NA,NA,NA,NA,NA
ArrayRepeat,S,`array_repeat`,None,project,result,NA,NA,NA,NA,NA,NA,NA,NA,NA,NA,NA,NA,NA,NA,PS,NA,NA,NA,NA,NA
ArrayTransform,S,`transform`,None,project,argument,NA,NA,NA,NA,NA,NA,NA,NA,NA,NA,NA,NA,NA,NA,PS,NA,NA,NA,NA,NA
ArrayTransform,S,`transform`,None,project,function,S,S,S,S,S,S,S,S,PS,S,S,S,NS,NS,PS,PS,PS,NS,NS,NS
ArrayTransform,S,`transform`,None,project,result,NA,NA,NA,NA,NA,NA,NA,NA,NA,NA,NA,NA,NA,NA,PS,NA,NA,NA,NA,NA
ArrayUnion,S,`array_union`,This is not 100% compatible with the Spark version because the GPU implementation treats -0.0 and 0.0 as equal; but the CPU implementation currently does not (see SPARK-39845). Also; Apache Spark 3.1.3 fixed issue SPARK-36741 where NaNs in these set like operators were not treated as being equal. We have chosen to break with compatibility for the older versions of Spark in this instance and handle NaNs the same as 3.1.3+,project,array1,NA,NA,NA,NA,NA,NA,NA,NA,NA,NA,NA,NA,NA,NA,PS,NA,NA,NA,NA,NA
ArrayUnion,S,`array_union`,This is not 100% compatible with the Spark version because the GPU implementation treats -0.0 and 0.0 as equal; but the CPU implementation currently does not (see SPARK-39845). Also; Apache Spark 3.1.3 fixed issue SPARK-36741 where NaNs in these set like operators were not treated as being equal. We have chosen to break with compatibility for the older versions of Spark in this instance and handle NaNs the same as 3.1.3+,project,array2,NA,NA,NA,NA,NA,NA,NA,NA,NA,NA,NA,NA,NA,NA,PS,NA,NA,NA,NA,NA
ArrayUnion,S,`array_union`,This is not 100% compatible with the Spark version because the GPU implementation treats -0.0 and 0.0 as equal; but the CPU implementation currently does not (see SPARK-39845). Also; Apache Spark 3.1.3 fixed issue SPARK-36741 where NaNs in these set like operators were not treated as being equal. We have chosen to break with compatibility for the older versions of Spark in this instance and handle NaNs the same as 3.1.3+,project,result,NA,NA,NA,NA,NA,NA,NA,NA,NA,NA,NA,NA,NA,NA,PS,NA,NA,NA,NA,NA
ArraysOverlap,S,`arrays_overlap`,This is not 100% compatible with the Spark version because the GPU implementation treats -0.0 and 0.0 as equal; but the CPU implementation currently does not (see SPARK-39845). Also; Apache Spark 3.1.3 fixed issue SPARK-36741 where NaNs in these set like operators were not treated as being equal. We have chosen to break with compatibility for the older versions of Spark in this instance and handle NaNs the same as 3.1.3+,project,array1,NA,NA,NA,NA,NA,NA,NA,NA,NA,NA,NA,NA,NA,NA,PS,NA,NA,NA,NA,NA
ArraysOverlap,S,`arrays_overlap`,This is not 100% compatible with the Spark version because the GPU implementation treats -0.0 and 0.0 as equal; but the CPU implementation currently does not (see SPARK-39845). Also; Apache Spark 3.1.3 fixed issue SPARK-36741 where NaNs in these set like operators were not treated as being equal. We have chosen to break with compatibility for the older versions of Spark in this instance and handle NaNs the same as 3.1.3+,project,array2,NA,NA,NA,NA,NA,NA,NA,NA,NA,NA,NA,NA,NA,NA,PS,NA,NA,NA,NA,NA
ArraysOverlap,S,`arrays_overlap`,This is not 100% compatible with the Spark version because the GPU implementation treats -0.0 and 0.0 as equal; but the CPU implementation currently does not (see SPARK-39845). Also; Apache Spark 3.1.3 fixed issue SPARK-36741 where NaNs in these set like operators were not treated as being equal. We have chosen to break with compatibility for the older versions of Spark in this instance and handle NaNs the same as 3.1.3+,project,result,S,NA,NA,NA,NA,NA,NA,NA,NA,NA,NA,NA,NA,NA,NA,NA,NA,NA,NA,NA
ArraysZip,S,`arrays_zip`,None,project,children,NA,NA,NA,NA,NA,NA,NA,NA,NA,NA,NA,NA,NA,NA,PS,NA,NA,NA,NA,NA
ArraysZip,S,`arrays_zip`,None,project,result,NA,NA,NA,NA,NA,NA,NA,NA,NA,NA,NA,NA,NA,NA,PS,NA,NA,NA,NA,NA
Ascii,NS,`ascii`,This is disabled by default because it only supports strings starting with ASCII or Latin-1 characters after Spark 3.2.3; 3.3.1 and 3.4.0. Otherwise the results will not match the CPU.,project,input,NA,NA,NA,NA,NA,NA,NA,NA,NA,S,NA,NA,NA,NA,NA,NA,NA,NA,NA,NA
Ascii,NS,`ascii`,This is disabled by default because it only supports strings starting with ASCII or Latin-1 characters after Spark 3.2.3; 3.3.1 and 3.4.0. Otherwise the results will not match the CPU.,project,result,NA,NA,NA,S,NA,NA,NA,NA,NA,NA,NA,NA,NA,NA,NA,NA,NA,NA,NA,NA
Asin,S,`asin`,None,project,input,NA,NA,NA,NA,NA,NA,S,NA,NA,NA,NA,NA,NA,NA,NA,NA,NA,NA,NA,NA
Asin,S,`asin`,None,project,result,NA,NA,NA,NA,NA,NA,S,NA,NA,NA,NA,NA,NA,NA,NA,NA,NA,NA,NA,NA
Asin,S,`asin`,None,AST,input,NA,NA,NA,NA,NA,NA,S,NA,NA,NA,NA,NA,NA,NA,NA,NA,NA,NA,NA,NA
Asin,S,`asin`,None,AST,result,NA,NA,NA,NA,NA,NA,S,NA,NA,NA,NA,NA,NA,NA,NA,NA,NA,NA,NA,NA
Asinh,S,`asinh`,None,project,input,NA,NA,NA,NA,NA,NA,S,NA,NA,NA,NA,NA,NA,NA,NA,NA,NA,NA,NA,NA
Asinh,S,`asinh`,None,project,result,NA,NA,NA,NA,NA,NA,S,NA,NA,NA,NA,NA,NA,NA,NA,NA,NA,NA,NA,NA
Asinh,S,`asinh`,None,AST,input,NA,NA,NA,NA,NA,NA,S,NA,NA,NA,NA,NA,NA,NA,NA,NA,NA,NA,NA,NA
Asinh,S,`asinh`,None,AST,result,NA,NA,NA,NA,NA,NA,S,NA,NA,NA,NA,NA,NA,NA,NA,NA,NA,NA,NA,NA
AtLeastNNonNulls,S, ,None,project,input,S,S,S,S,S,S,S,S,PS,S,S,S,S,NS,PS,PS,PS,NS,NS,NS
AtLeastNNonNulls,S, ,None,project,result,S,NA,NA,NA,NA,NA,NA,NA,NA,NA,NA,NA,NA,NA,NA,NA,NA,NA,NA,NA
Atan,S,`atan`,None,project,input,NA,NA,NA,NA,NA,NA,S,NA,NA,NA,NA,NA,NA,NA,NA,NA,NA,NA,NA,NA
Atan,S,`atan`,None,project,result,NA,NA,NA,NA,NA,NA,S,NA,NA,NA,NA,NA,NA,NA,NA,NA,NA,NA,NA,NA
Atan,S,`atan`,None,AST,input,NA,NA,NA,NA,NA,NA,S,NA,NA,NA,NA,NA,NA,NA,NA,NA,NA,NA,NA,NA
Atan,S,`atan`,None,AST,result,NA,NA,NA,NA,NA,NA,S,NA,NA,NA,NA,NA,NA,NA,NA,NA,NA,NA,NA,NA
Atanh,S,`atanh`,None,project,input,NA,NA,NA,NA,NA,NA,S,NA,NA,NA,NA,NA,NA,NA,NA,NA,NA,NA,NA,NA
Atanh,S,`atanh`,None,project,result,NA,NA,NA,NA,NA,NA,S,NA,NA,NA,NA,NA,NA,NA,NA,NA,NA,NA,NA,NA
Atanh,S,`atanh`,None,AST,input,NA,NA,NA,NA,NA,NA,S,NA,NA,NA,NA,NA,NA,NA,NA,NA,NA,NA,NA,NA
Atanh,S,`atanh`,None,AST,result,NA,NA,NA,NA,NA,NA,S,NA,NA,NA,NA,NA,NA,NA,NA,NA,NA,NA,NA,NA
AttributeReference,S, ,None,project,result,S,S,S,S,S,S,S,S,PS,S,S,S,S,NS,PS,PS,PS,NS,NS,NS
AttributeReference,S, ,None,AST,result,S,S,S,S,S,S,S,S,PS,S,NS,NS,NS,NS,NS,NS,NS,NS,NS,NS
BRound,S,`bround`,None,project,value,NA,S,S,S,S,PS,PS,NA,NA,NA,S,NA,NA,NA,NA,NA,NA,NA,NA,NA
BRound,S,`bround`,None,project,scale,NA,NA,NA,S,NA,NA,NA,NA,NA,NA,NA,NA,NA,NA,NA,NA,NA,NA,NA,NA
BRound,S,`bround`,None,project,result,NA,S,S,S,S,S,S,NA,NA,NA,S,NA,NA,NA,NA,NA,NA,NA,NA,NA
BitLength,S,`bit_length`,None,project,input,NA,NA,NA,NA,NA,NA,NA,NA,NA,S,NA,NA,NS,NA,NA,NA,NA,NA,NA,NA
BitLength,S,`bit_length`,None,project,result,NA,NA,NA,S,NA,NA,NA,NA,NA,NA,NA,NA,NA,NA,NA,NA,NA,NA,NA,NA
BitwiseAnd,S,`&`,None,project,lhs,NA,S,S,S,S,NA,NA,NA,NA,NA,NA,NA,NA,NA,NA,NA,NA,NA,NA,NA
BitwiseAnd,S,`&`,None,project,rhs,NA,S,S,S,S,NA,NA,NA,NA,NA,NA,NA,NA,NA,NA,NA,NA,NA,NA,NA
BitwiseAnd,S,`&`,None,project,result,NA,S,S,S,S,NA,NA,NA,NA,NA,NA,NA,NA,NA,NA,NA,NA,NA,NA,NA
BitwiseAnd,S,`&`,None,AST,lhs,NA,NS,NS,S,S,NA,NA,NA,NA,NA,NA,NA,NA,NA,NA,NA,NA,NA,NA,NA
BitwiseAnd,S,`&`,None,AST,rhs,NA,NS,NS,S,S,NA,NA,NA,NA,NA,NA,NA,NA,NA,NA,NA,NA,NA,NA,NA
BitwiseAnd,S,`&`,None,AST,result,NA,NS,NS,S,S,NA,NA,NA,NA,NA,NA,NA,NA,NA,NA,NA,NA,NA,NA,NA
BitwiseNot,S,`~`,None,project,input,NA,S,S,S,S,NA,NA,NA,NA,NA,NA,NA,NA,NA,NA,NA,NA,NA,NA,NA
BitwiseNot,S,`~`,None,project,result,NA,S,S,S,S,NA,NA,NA,NA,NA,NA,NA,NA,NA,NA,NA,NA,NA,NA,NA
BitwiseNot,S,`~`,None,AST,input,NA,NS,NS,S,S,NA,NA,NA,NA,NA,NA,NA,NA,NA,NA,NA,NA,NA,NA,NA
BitwiseNot,S,`~`,None,AST,result,NA,NS,NS,S,S,NA,NA,NA,NA,NA,NA,NA,NA,NA,NA,NA,NA,NA,NA,NA
BitwiseOr,S,`\|`,None,project,lhs,NA,S,S,S,S,NA,NA,NA,NA,NA,NA,NA,NA,NA,NA,NA,NA,NA,NA,NA
BitwiseOr,S,`\|`,None,project,rhs,NA,S,S,S,S,NA,NA,NA,NA,NA,NA,NA,NA,NA,NA,NA,NA,NA,NA,NA
BitwiseOr,S,`\|`,None,project,result,NA,S,S,S,S,NA,NA,NA,NA,NA,NA,NA,NA,NA,NA,NA,NA,NA,NA,NA
BitwiseOr,S,`\|`,None,AST,lhs,NA,NS,NS,S,S,NA,NA,NA,NA,NA,NA,NA,NA,NA,NA,NA,NA,NA,NA,NA
BitwiseOr,S,`\|`,None,AST,rhs,NA,NS,NS,S,S,NA,NA,NA,NA,NA,NA,NA,NA,NA,NA,NA,NA,NA,NA,NA
BitwiseOr,S,`\|`,None,AST,result,NA,NS,NS,S,S,NA,NA,NA,NA,NA,NA,NA,NA,NA,NA,NA,NA,NA,NA,NA
BitwiseXor,S,`^`,None,project,lhs,NA,S,S,S,S,NA,NA,NA,NA,NA,NA,NA,NA,NA,NA,NA,NA,NA,NA,NA
BitwiseXor,S,`^`,None,project,rhs,NA,S,S,S,S,NA,NA,NA,NA,NA,NA,NA,NA,NA,NA,NA,NA,NA,NA,NA
BitwiseXor,S,`^`,None,project,result,NA,S,S,S,S,NA,NA,NA,NA,NA,NA,NA,NA,NA,NA,NA,NA,NA,NA,NA
BitwiseXor,S,`^`,None,AST,lhs,NA,NS,NS,S,S,NA,NA,NA,NA,NA,NA,NA,NA,NA,NA,NA,NA,NA,NA,NA
BitwiseXor,S,`^`,None,AST,rhs,NA,NS,NS,S,S,NA,NA,NA,NA,NA,NA,NA,NA,NA,NA,NA,NA,NA,NA,NA
BitwiseXor,S,`^`,None,AST,result,NA,NS,NS,S,S,NA,NA,NA,NA,NA,NA,NA,NA,NA,NA,NA,NA,NA,NA,NA
CaseWhen,S,`when`,None,project,predicate,S,NA,NA,NA,NA,NA,NA,NA,NA,NA,NA,NA,NA,NA,NA,NA,NA,NA,NA,NA
CaseWhen,S,`when`,None,project,value,S,S,S,S,S,S,S,S,PS,S,S,S,S,NS,PS,PS,PS,NS,NS,NS
CaseWhen,S,`when`,None,project,result,S,S,S,S,S,S,S,S,PS,S,S,S,S,NS,PS,PS,PS,NS,NS,NS
Cbrt,S,`cbrt`,None,project,input,NA,NA,NA,NA,NA,NA,S,NA,NA,NA,NA,NA,NA,NA,NA,NA,NA,NA,NA,NA
Cbrt,S,`cbrt`,None,project,result,NA,NA,NA,NA,NA,NA,S,NA,NA,NA,NA,NA,NA,NA,NA,NA,NA,NA,NA,NA
Cbrt,S,`cbrt`,None,AST,input,NA,NA,NA,NA,NA,NA,S,NA,NA,NA,NA,NA,NA,NA,NA,NA,NA,NA,NA,NA
Cbrt,S,`cbrt`,None,AST,result,NA,NA,NA,NA,NA,NA,S,NA,NA,NA,NA,NA,NA,NA,NA,NA,NA,NA,NA,NA
Ceil,S,`ceil`; `ceiling`,None,project,input,NA,NA,NA,NA,S,NA,S,NA,NA,NA,S,NA,NA,NA,NA,NA,NA,NA,NA,NA
Ceil,S,`ceil`; `ceiling`,None,project,result,NA,NA,NA,NA,S,NA,S,NA,NA,NA,S,NA,NA,NA,NA,NA,NA,NA,NA,NA
CheckOverflow,S, ,None,project,input,NA,NA,NA,NA,NA,NA,NA,NA,NA,NA,S,NA,NA,NA,NA,NA,NA,NA,NA,NA
CheckOverflow,S, ,None,project,result,NA,NA,NA,NA,NA,NA,NA,NA,NA,NA,S,NA,NA,NA,NA,NA,NA,NA,NA,NA
Coalesce,S,`coalesce`,None,project,param,S,S,S,S,S,S,S,S,PS,S,S,S,S,NS,PS,PS,PS,NS,NS,NS
Coalesce,S,`coalesce`,None,project,result,S,S,S,S,S,S,S,S,PS,S,S,S,S,NS,PS,PS,PS,NS,NS,NS
Concat,S,`concat`,None,project,input,NA,NA,NA,NA,NA,NA,NA,NA,NA,S,NA,NA,NS,NA,PS,NA,NA,NA,NA,NA
Concat,S,`concat`,None,project,result,NA,NA,NA,NA,NA,NA,NA,NA,NA,S,NA,NA,NS,NA,PS,NA,NA,NA,NA,NA
ConcatWs,S,`concat_ws`,None,project,input,NA,NA,NA,NA,NA,NA,NA,NA,NA,S,NA,NA,NA,NA,S,NA,NA,NA,NA,NA
ConcatWs,S,`concat_ws`,None,project,result,NA,NA,NA,NA,NA,NA,NA,NA,NA,S,NA,NA,NA,NA,NA,NA,NA,NA,NA,NA
Contains,S, ,None,project,src,NA,NA,NA,NA,NA,NA,NA,NA,NA,S,NA,NA,NA,NA,NA,NA,NA,NA,NA,NA
Contains,S, ,None,project,search,NA,NA,NA,NA,NA,NA,NA,NA,NA,PS,NA,NA,NA,NA,NA,NA,NA,NA,NA,NA
Contains,S, ,None,project,result,S,NA,NA,NA,NA,NA,NA,NA,NA,NA,NA,NA,NA,NA,NA,NA,NA,NA,NA,NA
Conv,NS,`conv`,This is disabled by default because GPU implementation is incomplete. We currently only support from/to_base values of 10 and 16. We fall back on CPU if the signed conversion is signalled via a negative to_base. GPU implementation does not check for an 64-bit signed/unsigned int overflow when performing the conversion to return `FFFFFFFFFFFFFFFF` or `18446744073709551615` or to throw an error in the ANSI mode. It is safe to enable if the overflow is not possible or detected externally. For instance decimal strings not longer than 18 characters / hexadecimal strings not longer than 15 characters disregarding the sign cannot cause an overflow.          ,project,num,NA,NA,NA,NA,NA,NA,NA,NA,NA,S,NA,NA,NA,NA,NA,NA,NA,NA,NA,NA
Conv,NS,`conv`,This is disabled by default because GPU implementation is incomplete. We currently only support from/to_base values of 10 and 16. We fall back on CPU if the signed conversion is signalled via a negative to_base. GPU implementation does not check for an 64-bit signed/unsigned int overflow when performing the conversion to return `FFFFFFFFFFFFFFFF` or `18446744073709551615` or to throw an error in the ANSI mode. It is safe to enable if the overflow is not possible or detected externally. For instance decimal strings not longer than 18 characters / hexadecimal strings not longer than 15 characters disregarding the sign cannot cause an overflow.          ,project,from_base,NA,PS,PS,PS,PS,NA,NA,NA,NA,NA,NA,NA,NA,NA,NA,NA,NA,NA,NA,NA
Conv,NS,`conv`,This is disabled by default because GPU implementation is incomplete. We currently only support from/to_base values of 10 and 16. We fall back on CPU if the signed conversion is signalled via a negative to_base. GPU implementation does not check for an 64-bit signed/unsigned int overflow when performing the conversion to return `FFFFFFFFFFFFFFFF` or `18446744073709551615` or to throw an error in the ANSI mode. It is safe to enable if the overflow is not possible or detected externally. For instance decimal strings not longer than 18 characters / hexadecimal strings not longer than 15 characters disregarding the sign cannot cause an overflow.          ,project,to_base,NA,PS,PS,PS,PS,NA,NA,NA,NA,NA,NA,NA,NA,NA,NA,NA,NA,NA,NA,NA
Conv,NS,`conv`,This is disabled by default because GPU implementation is incomplete. We currently only support from/to_base values of 10 and 16. We fall back on CPU if the signed conversion is signalled via a negative to_base. GPU implementation does not check for an 64-bit signed/unsigned int overflow when performing the conversion to return `FFFFFFFFFFFFFFFF` or `18446744073709551615` or to throw an error in the ANSI mode. It is safe to enable if the overflow is not possible or detected externally. For instance decimal strings not longer than 18 characters / hexadecimal strings not longer than 15 characters disregarding the sign cannot cause an overflow.          ,project,result,NA,NA,NA,NA,NA,NA,NA,NA,NA,S,NA,NA,NA,NA,NA,NA,NA,NA,NA,NA
Cos,S,`cos`,None,project,input,NA,NA,NA,NA,NA,NA,S,NA,NA,NA,NA,NA,NA,NA,NA,NA,NA,NA,NA,NA
Cos,S,`cos`,None,project,result,NA,NA,NA,NA,NA,NA,S,NA,NA,NA,NA,NA,NA,NA,NA,NA,NA,NA,NA,NA
Cos,S,`cos`,None,AST,input,NA,NA,NA,NA,NA,NA,S,NA,NA,NA,NA,NA,NA,NA,NA,NA,NA,NA,NA,NA
Cos,S,`cos`,None,AST,result,NA,NA,NA,NA,NA,NA,S,NA,NA,NA,NA,NA,NA,NA,NA,NA,NA,NA,NA,NA
Cosh,S,`cosh`,None,project,input,NA,NA,NA,NA,NA,NA,S,NA,NA,NA,NA,NA,NA,NA,NA,NA,NA,NA,NA,NA
Cosh,S,`cosh`,None,project,result,NA,NA,NA,NA,NA,NA,S,NA,NA,NA,NA,NA,NA,NA,NA,NA,NA,NA,NA,NA
Cosh,S,`cosh`,None,AST,input,NA,NA,NA,NA,NA,NA,S,NA,NA,NA,NA,NA,NA,NA,NA,NA,NA,NA,NA,NA
Cosh,S,`cosh`,None,AST,result,NA,NA,NA,NA,NA,NA,S,NA,NA,NA,NA,NA,NA,NA,NA,NA,NA,NA,NA,NA
Cot,S,`cot`,None,project,input,NA,NA,NA,NA,NA,NA,S,NA,NA,NA,NA,NA,NA,NA,NA,NA,NA,NA,NA,NA
Cot,S,`cot`,None,project,result,NA,NA,NA,NA,NA,NA,S,NA,NA,NA,NA,NA,NA,NA,NA,NA,NA,NA,NA,NA
Cot,S,`cot`,None,AST,input,NA,NA,NA,NA,NA,NA,S,NA,NA,NA,NA,NA,NA,NA,NA,NA,NA,NA,NA,NA
Cot,S,`cot`,None,AST,result,NA,NA,NA,NA,NA,NA,S,NA,NA,NA,NA,NA,NA,NA,NA,NA,NA,NA,NA,NA
CreateArray,S,`array`,None,project,arg,S,S,S,S,S,S,S,S,PS,S,S,S,S,NS,PS,NS,PS,NS,NS,NS
CreateArray,S,`array`,None,project,result,NA,NA,NA,NA,NA,NA,NA,NA,NA,NA,NA,NA,NA,NA,PS,NA,NA,NA,NA,NA
CreateMap,S,`map`,None,project,key,S,S,S,S,S,S,S,S,PS,S,S,S,NA,NA,PS,NA,PS,NA,NA,NA
CreateMap,S,`map`,None,project,value,S,S,S,S,S,S,S,S,PS,S,S,S,NA,NA,PS,PS,PS,NA,NA,NA
CreateNamedStruct,S,`named_struct`; `struct`,None,project,name,NA,NA,NA,NA,NA,NA,NA,NA,NA,S,NA,NA,NA,NA,NA,NA,NA,NA,NA,NA
CreateNamedStruct,S,`named_struct`; `struct`,None,project,value,S,S,S,S,S,S,S,S,PS,S,S,S,S,NS,PS,PS,PS,NS,NS,NS
CreateNamedStruct,S,`named_struct`; `struct`,None,project,result,NA,NA,NA,NA,NA,NA,NA,NA,NA,NA,NA,NA,NA,NA,NA,NA,PS,NA,NA,NA
CurrentRow$,S, ,None,project,result,NA,NA,NA,NA,NA,NA,NA,NA,NA,NA,NA,S,NA,NA,NA,NA,NA,NA,NA,NA
DateAdd,S,`date_add`,None,project,startDate,NA,NA,NA,NA,NA,NA,NA,S,NA,NA,NA,NA,NA,NA,NA,NA,NA,NA,NA,NA
DateAdd,S,`date_add`,None,project,days,NA,S,S,S,NA,NA,NA,NA,NA,NA,NA,NA,NA,NA,NA,NA,NA,NA,NA,NA
DateAdd,S,`date_add`,None,project,result,NA,NA,NA,NA,NA,NA,NA,S,NA,NA,NA,NA,NA,NA,NA,NA,NA,NA,NA,NA
DateAddInterval,S, ,None,project,start,NA,NA,NA,NA,NA,NA,NA,S,NA,NA,NA,NA,NA,NA,NA,NA,NA,NA,NA,NA
DateAddInterval,S, ,None,project,interval,NA,NA,NA,NA,NA,NA,NA,NA,NA,NA,NA,NA,NA,PS,NA,NA,NA,NA,NA,NA
DateAddInterval,S, ,None,project,result,NA,NA,NA,NA,NA,NA,NA,S,NA,NA,NA,NA,NA,NA,NA,NA,NA,NA,NA,NA
DateDiff,S,`datediff`,None,project,lhs,NA,NA,NA,NA,NA,NA,NA,S,NA,NA,NA,NA,NA,NA,NA,NA,NA,NA,NA,NA
DateDiff,S,`datediff`,None,project,rhs,NA,NA,NA,NA,NA,NA,NA,S,NA,NA,NA,NA,NA,NA,NA,NA,NA,NA,NA,NA
DateDiff,S,`datediff`,None,project,result,NA,NA,NA,S,NA,NA,NA,NA,NA,NA,NA,NA,NA,NA,NA,NA,NA,NA,NA,NA
DateFormatClass,S,`date_format`,None,project,timestamp,NA,NA,NA,NA,NA,NA,NA,NA,PS,NA,NA,NA,NA,NA,NA,NA,NA,NA,NA,NA
DateFormatClass,S,`date_format`,None,project,strfmt,NA,NA,NA,NA,NA,NA,NA,NA,NA,PS,NA,NA,NA,NA,NA,NA,NA,NA,NA,NA
DateFormatClass,S,`date_format`,None,project,result,NA,NA,NA,NA,NA,NA,NA,NA,NA,S,NA,NA,NA,NA,NA,NA,NA,NA,NA,NA
DateSub,S,`date_sub`,None,project,startDate,NA,NA,NA,NA,NA,NA,NA,S,NA,NA,NA,NA,NA,NA,NA,NA,NA,NA,NA,NA
DateSub,S,`date_sub`,None,project,days,NA,S,S,S,NA,NA,NA,NA,NA,NA,NA,NA,NA,NA,NA,NA,NA,NA,NA,NA
DateSub,S,`date_sub`,None,project,result,NA,NA,NA,NA,NA,NA,NA,S,NA,NA,NA,NA,NA,NA,NA,NA,NA,NA,NA,NA
DayOfMonth,S,`day`; `dayofmonth`,None,project,input,NA,NA,NA,NA,NA,NA,NA,S,NA,NA,NA,NA,NA,NA,NA,NA,NA,NA,NA,NA
DayOfMonth,S,`day`; `dayofmonth`,None,project,result,NA,NA,NA,S,NA,NA,NA,NA,NA,NA,NA,NA,NA,NA,NA,NA,NA,NA,NA,NA
DayOfWeek,S,`dayofweek`,None,project,input,NA,NA,NA,NA,NA,NA,NA,S,NA,NA,NA,NA,NA,NA,NA,NA,NA,NA,NA,NA
DayOfWeek,S,`dayofweek`,None,project,result,NA,NA,NA,S,NA,NA,NA,NA,NA,NA,NA,NA,NA,NA,NA,NA,NA,NA,NA,NA
DayOfYear,S,`dayofyear`,None,project,input,NA,NA,NA,NA,NA,NA,NA,S,NA,NA,NA,NA,NA,NA,NA,NA,NA,NA,NA,NA
DayOfYear,S,`dayofyear`,None,project,result,NA,NA,NA,S,NA,NA,NA,NA,NA,NA,NA,NA,NA,NA,NA,NA,NA,NA,NA,NA
DenseRank,S,`dense_rank`,None,window,ordering,S,S,S,S,S,S,S,S,PS,S,S,S,NS,NS,NS,NS,NS,NS,NS,NS
DenseRank,S,`dense_rank`,None,window,result,NA,NA,NA,S,NA,NA,NA,NA,NA,NA,NA,NA,NA,NA,NA,NA,NA,NA,NA,NA
Divide,S,`/`,None,project,lhs,NA,NA,NA,NA,NA,NA,S,NA,NA,NA,S,NA,NA,NA,NA,NA,NA,NA,NA,NA
Divide,S,`/`,None,project,rhs,NA,NA,NA,NA,NA,NA,S,NA,NA,NA,S,NA,NA,NA,NA,NA,NA,NA,NA,NA
Divide,S,`/`,None,project,result,NA,NA,NA,NA,NA,NA,S,NA,NA,NA,S,NA,NA,NA,NA,NA,NA,NA,NA,NA
DynamicPruningExpression,S, ,None,project,input,S,NA,NA,NA,NA,NA,NA,NA,NA,NA,NA,NA,NA,NA,NA,NA,NA,NA,NA,NA
DynamicPruningExpression,S, ,None,project,result,S,S,S,S,S,S,S,S,PS,S,S,S,S,S,PS,PS,PS,S,S,S
ElementAt,S,`element_at`,None,project,array/map,NA,NA,NA,NA,NA,NA,NA,NA,NA,NA,NA,NA,NA,NA,PS,PS,NA,NA,NA,NA
ElementAt,S,`element_at`,None,project,index/key,PS,PS,PS,S,PS,PS,PS,PS,PS,PS,PS,NS,NS,NS,NS,NS,NS,NS,NS,NS
ElementAt,S,`element_at`,None,project,result,S,S,S,S,S,S,S,S,PS,S,S,S,S,NS,PS,PS,PS,NS,NS,NS
EndsWith,S, ,None,project,src,NA,NA,NA,NA,NA,NA,NA,NA,NA,S,NA,NA,NA,NA,NA,NA,NA,NA,NA,NA
EndsWith,S, ,None,project,search,NA,NA,NA,NA,NA,NA,NA,NA,NA,PS,NA,NA,NA,NA,NA,NA,NA,NA,NA,NA
EndsWith,S, ,None,project,result,S,NA,NA,NA,NA,NA,NA,NA,NA,NA,NA,NA,NA,NA,NA,NA,NA,NA,NA,NA
EqualNullSafe,S,`<=>`,None,project,lhs,S,S,S,S,S,S,S,S,PS,S,S,S,NS,NS,NS,NA,PS,NS,NA,NA
EqualNullSafe,S,`<=>`,None,project,rhs,S,S,S,S,S,S,S,S,PS,S,S,S,NS,NS,NS,NA,PS,NS,NA,NA
EqualNullSafe,S,`<=>`,None,project,result,S,NA,NA,NA,NA,NA,NA,NA,NA,NA,NA,NA,NA,NA,NA,NA,NA,NA,NA,NA
EqualTo,S,`==`; `=`,None,project,lhs,S,S,S,S,S,S,S,S,PS,S,S,S,NS,NS,NS,NA,PS,NS,NA,NA
EqualTo,S,`==`; `=`,None,project,rhs,S,S,S,S,S,S,S,S,PS,S,S,S,NS,NS,NS,NA,PS,NS,NA,NA
EqualTo,S,`==`; `=`,None,project,result,S,NA,NA,NA,NA,NA,NA,NA,NA,NA,NA,NA,NA,NA,NA,NA,NA,NA,NA,NA
EqualTo,S,`==`; `=`,None,AST,lhs,S,S,S,S,S,NS,NS,S,PS,S,NS,NS,NS,NS,NS,NA,NS,NS,NA,NA
EqualTo,S,`==`; `=`,None,AST,rhs,S,S,S,S,S,NS,NS,S,PS,S,NS,NS,NS,NS,NS,NA,NS,NS,NA,NA
EqualTo,S,`==`; `=`,None,AST,result,S,NA,NA,NA,NA,NA,NA,NA,NA,NA,NA,NA,NA,NA,NA,NA,NA,NA,NA,NA
Exp,S,`exp`,None,project,input,NA,NA,NA,NA,NA,NA,S,NA,NA,NA,NA,NA,NA,NA,NA,NA,NA,NA,NA,NA
Exp,S,`exp`,None,project,result,NA,NA,NA,NA,NA,NA,S,NA,NA,NA,NA,NA,NA,NA,NA,NA,NA,NA,NA,NA
Exp,S,`exp`,None,AST,input,NA,NA,NA,NA,NA,NA,S,NA,NA,NA,NA,NA,NA,NA,NA,NA,NA,NA,NA,NA
Exp,S,`exp`,None,AST,result,NA,NA,NA,NA,NA,NA,S,NA,NA,NA,NA,NA,NA,NA,NA,NA,NA,NA,NA,NA
Explode,S,`explode_outer`; `explode`,None,project,input,NA,NA,NA,NA,NA,NA,NA,NA,NA,NA,NA,NA,NA,NA,PS,PS,NA,NA,NA,NA
Explode,S,`explode_outer`; `explode`,None,project,result,NA,NA,NA,NA,NA,NA,NA,NA,NA,NA,NA,NA,NA,NA,PS,NA,NA,NA,NA,NA
Expm1,S,`expm1`,None,project,input,NA,NA,NA,NA,NA,NA,S,NA,NA,NA,NA,NA,NA,NA,NA,NA,NA,NA,NA,NA
Expm1,S,`expm1`,None,project,result,NA,NA,NA,NA,NA,NA,S,NA,NA,NA,NA,NA,NA,NA,NA,NA,NA,NA,NA,NA
Expm1,S,`expm1`,None,AST,input,NA,NA,NA,NA,NA,NA,S,NA,NA,NA,NA,NA,NA,NA,NA,NA,NA,NA,NA,NA
Expm1,S,`expm1`,None,AST,result,NA,NA,NA,NA,NA,NA,S,NA,NA,NA,NA,NA,NA,NA,NA,NA,NA,NA,NA,NA
Flatten,S,`flatten`,None,project,input,NA,NA,NA,NA,NA,NA,NA,NA,NA,NA,NA,NA,NA,NA,PS,NA,NA,NA,NA,NA
Flatten,S,`flatten`,None,project,result,NA,NA,NA,NA,NA,NA,NA,NA,NA,NA,NA,NA,NA,NA,PS,NA,NA,NA,NA,NA
Floor,S,`floor`,None,project,input,NA,NA,NA,NA,S,NA,S,NA,NA,NA,S,NA,NA,NA,NA,NA,NA,NA,NA,NA
Floor,S,`floor`,None,project,result,NA,NA,NA,NA,S,NA,S,NA,NA,NA,S,NA,NA,NA,NA,NA,NA,NA,NA,NA
FormatNumber,S,`format_number`,None,project,x,NA,S,S,S,S,S,S,NA,NA,NA,S,NA,NA,NA,NA,NA,NA,NA,NA,NA
FormatNumber,S,`format_number`,None,project,d,NA,NA,NA,PS,NA,NA,NA,NA,NA,NS,NA,NA,NA,NA,NA,NA,NA,NA,NA,NA
FormatNumber,S,`format_number`,None,project,result,NA,NA,NA,NA,NA,NA,NA,NA,NA,S,NA,NA,NA,NA,NA,NA,NA,NA,NA,NA
FromUTCTimestamp,S,`from_utc_timestamp`,None,project,timestamp,NA,NA,NA,NA,NA,NA,NA,NA,PS,NA,NA,NA,NA,NA,NA,NA,NA,NA,NA,NA
FromUTCTimestamp,S,`from_utc_timestamp`,None,project,timezone,NA,NA,NA,NA,NA,NA,NA,NA,NA,PS,NA,NA,NA,NA,NA,NA,NA,NA,NA,NA
FromUTCTimestamp,S,`from_utc_timestamp`,None,project,result,NA,NA,NA,NA,NA,NA,NA,NA,PS,NA,NA,NA,NA,NA,NA,NA,NA,NA,NA,NA
FromUnixTime,S,`from_unixtime`,None,project,sec,NA,NA,NA,NA,S,NA,NA,NA,NA,NA,NA,NA,NA,NA,NA,NA,NA,NA,NA,NA
FromUnixTime,S,`from_unixtime`,None,project,format,NA,NA,NA,NA,NA,NA,NA,NA,NA,PS,NA,NA,NA,NA,NA,NA,NA,NA,NA,NA
FromUnixTime,S,`from_unixtime`,None,project,result,NA,NA,NA,NA,NA,NA,NA,NA,NA,S,NA,NA,NA,NA,NA,NA,NA,NA,NA,NA
GetArrayItem,S, ,None,project,array,NA,NA,NA,NA,NA,NA,NA,NA,NA,NA,NA,NA,NA,NA,PS,NA,NA,NA,NA,NA
GetArrayItem,S, ,None,project,ordinal,NA,S,S,S,S,NA,NA,NA,NA,NA,NA,NA,NA,NA,NA,NA,NA,NA,NA,NA
GetArrayItem,S, ,None,project,result,S,S,S,S,S,S,S,S,PS,S,S,S,S,NS,PS,PS,PS,NS,NS,NS
GetArrayStructFields,S, ,None,project,input,NA,NA,NA,NA,NA,NA,NA,NA,NA,NA,NA,NA,NA,NA,PS,NA,NA,NA,NA,NA
GetArrayStructFields,S, ,None,project,result,NA,NA,NA,NA,NA,NA,NA,NA,NA,NA,NA,NA,NA,NA,PS,NA,NA,NA,NA,NA
GetJsonObject,NS,`get_json_object`,This is disabled by default because Experimental feature that could be unstable or have performance issues.,project,json,NA,NA,NA,NA,NA,NA,NA,NA,NA,S,NA,NA,NA,NA,NA,NA,NA,NA,NA,NA
GetJsonObject,NS,`get_json_object`,This is disabled by default because Experimental feature that could be unstable or have performance issues.,project,path,NA,NA,NA,NA,NA,NA,NA,NA,NA,PS,NA,NA,NA,NA,NA,NA,NA,NA,NA,NA
GetJsonObject,NS,`get_json_object`,This is disabled by default because Experimental feature that could be unstable or have performance issues.,project,result,NA,NA,NA,NA,NA,NA,NA,NA,NA,S,NA,NA,NA,NA,NA,NA,NA,NA,NA,NA
GetMapValue,S, ,None,project,map,NA,NA,NA,NA,NA,NA,NA,NA,NA,NA,NA,NA,NA,NA,NA,PS,NA,NA,NA,NA
GetMapValue,S, ,None,project,key,S,S,S,S,S,S,S,S,PS,S,S,NS,NS,NS,NS,NS,NS,NS,NS,NS
GetMapValue,S, ,None,project,result,S,S,S,S,S,S,S,S,PS,S,S,S,S,NS,PS,PS,PS,NS,NS,NS
GetStructField,S, ,None,project,input,NA,NA,NA,NA,NA,NA,NA,NA,NA,NA,NA,NA,NA,NA,NA,NA,PS,NA,NA,NA
GetStructField,S, ,None,project,result,S,S,S,S,S,S,S,S,PS,S,S,S,S,NS,PS,PS,PS,NS,NS,NS
GetTimestamp,S, ,None,project,timeExp,NA,NA,NA,NA,NA,NA,NA,S,PS,S,NA,NA,NA,NA,NA,NA,NA,NA,NA,NA
GetTimestamp,S, ,None,project,format,NA,NA,NA,NA,NA,NA,NA,NA,NA,PS,NA,NA,NA,NA,NA,NA,NA,NA,NA,NA
GetTimestamp,S, ,None,project,result,NA,NA,NA,NA,NA,NA,NA,NA,PS,NA,NA,NA,NA,NA,NA,NA,NA,NA,NA,NA
GreaterThan,S,`>`,None,project,lhs,S,S,S,S,S,S,S,S,PS,S,S,S,NS,NS,NS,NA,PS,NS,NA,NA
GreaterThan,S,`>`,None,project,rhs,S,S,S,S,S,S,S,S,PS,S,S,S,NS,NS,NS,NA,PS,NS,NA,NA
GreaterThan,S,`>`,None,project,result,S,NA,NA,NA,NA,NA,NA,NA,NA,NA,NA,NA,NA,NA,NA,NA,NA,NA,NA,NA
GreaterThan,S,`>`,None,AST,lhs,S,S,S,S,S,NS,NS,S,PS,S,NS,NS,NS,NS,NS,NA,NS,NS,NA,NA
GreaterThan,S,`>`,None,AST,rhs,S,S,S,S,S,NS,NS,S,PS,S,NS,NS,NS,NS,NS,NA,NS,NS,NA,NA
GreaterThan,S,`>`,None,AST,result,S,NA,NA,NA,NA,NA,NA,NA,NA,NA,NA,NA,NA,NA,NA,NA,NA,NA,NA,NA
GreaterThanOrEqual,S,`>=`,None,project,lhs,S,S,S,S,S,S,S,S,PS,S,S,S,NS,NS,NS,NA,PS,NS,NA,NA
GreaterThanOrEqual,S,`>=`,None,project,rhs,S,S,S,S,S,S,S,S,PS,S,S,S,NS,NS,NS,NA,PS,NS,NA,NA
GreaterThanOrEqual,S,`>=`,None,project,result,S,NA,NA,NA,NA,NA,NA,NA,NA,NA,NA,NA,NA,NA,NA,NA,NA,NA,NA,NA
GreaterThanOrEqual,S,`>=`,None,AST,lhs,S,S,S,S,S,NS,NS,S,PS,S,NS,NS,NS,NS,NS,NA,NS,NS,NA,NA
GreaterThanOrEqual,S,`>=`,None,AST,rhs,S,S,S,S,S,NS,NS,S,PS,S,NS,NS,NS,NS,NS,NA,NS,NS,NA,NA
GreaterThanOrEqual,S,`>=`,None,AST,result,S,NA,NA,NA,NA,NA,NA,NA,NA,NA,NA,NA,NA,NA,NA,NA,NA,NA,NA,NA
Greatest,S,`greatest`,None,project,param,S,S,S,S,S,S,S,S,PS,S,S,S,NS,NS,NS,NA,NS,NS,NA,NA
Greatest,S,`greatest`,None,project,result,S,S,S,S,S,S,S,S,PS,S,S,S,NS,NS,NS,NA,NS,NS,NA,NA
Hour,S,`hour`,None,project,input,NA,NA,NA,NA,NA,NA,NA,NA,PS,NA,NA,NA,NA,NA,NA,NA,NA,NA,NA,NA
Hour,S,`hour`,None,project,result,NA,NA,NA,S,NA,NA,NA,NA,NA,NA,NA,NA,NA,NA,NA,NA,NA,NA,NA,NA
Hypot,S,`hypot`,None,project,lhs,NA,NA,NA,NA,NA,NA,S,NA,NA,NA,NA,NA,NA,NA,NA,NA,NA,NA,NA,NA
Hypot,S,`hypot`,None,project,rhs,NA,NA,NA,NA,NA,NA,S,NA,NA,NA,NA,NA,NA,NA,NA,NA,NA,NA,NA,NA
Hypot,S,`hypot`,None,project,result,NA,NA,NA,NA,NA,NA,S,NA,NA,NA,NA,NA,NA,NA,NA,NA,NA,NA,NA,NA
If,S,`if`,None,project,predicate,S,NA,NA,NA,NA,NA,NA,NA,NA,NA,NA,NA,NA,NA,NA,NA,NA,NA,NA,NA
If,S,`if`,None,project,trueValue,S,S,S,S,S,S,S,S,PS,S,S,S,S,NS,PS,PS,PS,NS,NS,NS
If,S,`if`,None,project,falseValue,S,S,S,S,S,S,S,S,PS,S,S,S,S,NS,PS,PS,PS,NS,NS,NS
If,S,`if`,None,project,result,S,S,S,S,S,S,S,S,PS,S,S,S,S,NS,PS,PS,PS,NS,NS,NS
In,S,`in`,None,project,value,S,S,S,S,S,S,S,S,PS,S,S,S,NS,NS,NS,NA,NS,NS,NA,NA
In,S,`in`,None,project,list,PS,PS,PS,PS,PS,PS,PS,PS,PS,PS,PS,NS,NS,NS,NS,NA,NS,NS,NA,NA
In,S,`in`,None,project,result,S,NA,NA,NA,NA,NA,NA,NA,NA,NA,NA,NA,NA,NA,NA,NA,NA,NA,NA,NA
InSet,S, ,None,project,input,S,S,S,S,S,S,S,S,PS,S,S,S,NS,NS,NS,NA,NS,NS,NA,NA
InSet,S, ,None,project,result,S,NA,NA,NA,NA,NA,NA,NA,NA,NA,NA,NA,NA,NA,NA,NA,NA,NA,NA,NA
InitCap,S,`initcap`,This is not 100% compatible with the Spark version because the Unicode version used by cuDF and the JVM may differ; resulting in some corner-case characters not changing case correctly.,project,input,NA,NA,NA,NA,NA,NA,NA,NA,NA,S,NA,NA,NA,NA,NA,NA,NA,NA,NA,NA
InitCap,S,`initcap`,This is not 100% compatible with the Spark version because the Unicode version used by cuDF and the JVM may differ; resulting in some corner-case characters not changing case correctly.,project,result,NA,NA,NA,NA,NA,NA,NA,NA,NA,S,NA,NA,NA,NA,NA,NA,NA,NA,NA,NA
InputFileBlockLength,S,`input_file_block_length`,None,project,result,NA,NA,NA,NA,S,NA,NA,NA,NA,NA,NA,NA,NA,NA,NA,NA,NA,NA,NA,NA
InputFileBlockStart,S,`input_file_block_start`,None,project,result,NA,NA,NA,NA,S,NA,NA,NA,NA,NA,NA,NA,NA,NA,NA,NA,NA,NA,NA,NA
InputFileName,S,`input_file_name`,None,project,result,NA,NA,NA,NA,NA,NA,NA,NA,NA,S,NA,NA,NA,NA,NA,NA,NA,NA,NA,NA
IntegralDivide,S,`div`,None,project,lhs,NA,NA,NA,NA,S,NA,NA,NA,NA,NA,S,NA,NA,NA,NA,NA,NA,NA,NA,NA
IntegralDivide,S,`div`,None,project,rhs,NA,NA,NA,NA,S,NA,NA,NA,NA,NA,S,NA,NA,NA,NA,NA,NA,NA,NA,NA
IntegralDivide,S,`div`,None,project,result,NA,NA,NA,NA,S,NA,NA,NA,NA,NA,NA,NA,NA,NA,NA,NA,NA,NA,NA,NA
IsNaN,S,`isnan`,None,project,input,NA,NA,NA,NA,NA,S,S,NA,NA,NA,NA,NA,NA,NA,NA,NA,NA,NA,NA,NA
IsNaN,S,`isnan`,None,project,result,S,NA,NA,NA,NA,NA,NA,NA,NA,NA,NA,NA,NA,NA,NA,NA,NA,NA,NA,NA
IsNotNull,S,`isnotnull`,None,project,input,S,S,S,S,S,S,S,S,PS,S,S,S,S,NS,PS,PS,PS,NS,NS,NS
IsNotNull,S,`isnotnull`,None,project,result,S,NA,NA,NA,NA,NA,NA,NA,NA,NA,NA,NA,NA,NA,NA,NA,NA,NA,NA,NA
IsNull,S,`isnull`,None,project,input,S,S,S,S,S,S,S,S,PS,S,S,S,S,NS,PS,PS,PS,NS,NS,NS
IsNull,S,`isnull`,None,project,result,S,NA,NA,NA,NA,NA,NA,NA,NA,NA,NA,NA,NA,NA,NA,NA,NA,NA,NA,NA
JsonToStructs,NS,`from_json`,This is disabled by default because it is currently in beta and undergoes continuous enhancements. Please consult the [compatibility documentation](../compatibility.md#json-supporting-types) to determine whether you can enable this configuration for your use case,project,jsonStr,NA,NA,NA,NA,NA,NA,NA,NA,NA,S,NA,NA,NA,NA,NA,NA,NA,NA,NA,NA
JsonToStructs,NS,`from_json`,This is disabled by default because it is currently in beta and undergoes continuous enhancements. Please consult the [compatibility documentation](../compatibility.md#json-supporting-types) to determine whether you can enable this configuration for your use case,project,result,NA,NA,NA,NA,NA,NA,NA,NA,NA,NA,NA,NA,NA,NA,NS,PS,PS,NA,NA,NA
JsonTuple,NS,`json_tuple`,This is disabled by default because JsonTuple on the GPU does not support all of the normalization that the CPU supports.,project,json,NA,NA,NA,NA,NA,NA,NA,NA,NA,S,NA,NA,NA,NA,NA,NA,NA,NA,NA,NA
JsonTuple,NS,`json_tuple`,This is disabled by default because JsonTuple on the GPU does not support all of the normalization that the CPU supports.,project,field,NA,NA,NA,NA,NA,NA,NA,NA,NA,PS,NA,NA,NA,NA,NA,NA,NA,NA,NA,NA
JsonTuple,NS,`json_tuple`,This is disabled by default because JsonTuple on the GPU does not support all of the normalization that the CPU supports.,project,result,NA,NA,NA,NA,NA,NA,NA,NA,NA,NA,NA,NA,NA,NA,S,NA,NA,NA,NA,NA
KnownFloatingPointNormalized,S, ,None,project,input,S,S,S,S,S,S,S,S,PS,S,S,S,S,S,PS,PS,PS,S,S,S
KnownFloatingPointNormalized,S, ,None,project,result,S,S,S,S,S,S,S,S,PS,S,S,S,S,S,PS,PS,PS,S,S,S
KnownNotNull,S, ,None,project,input,S,S,S,S,S,S,S,S,PS,S,S,NS,S,S,PS,PS,PS,NS,NS,NS
KnownNotNull,S, ,None,project,result,S,S,S,S,S,S,S,S,PS,S,S,NS,S,S,PS,PS,PS,NS,NS,NS
Lag,S,`lag`,None,window,input,S,S,S,S,S,S,S,S,PS,S,S,S,NS,NS,PS,NS,PS,NS,NS,NS
Lag,S,`lag`,None,window,offset,NA,NA,NA,S,NA,NA,NA,NA,NA,NA,NA,NA,NA,NA,NA,NA,NA,NA,NA,NA
Lag,S,`lag`,None,window,default,S,S,S,S,S,S,S,S,PS,S,S,S,NS,NS,PS,NS,PS,NS,NS,NS
Lag,S,`lag`,None,window,result,S,S,S,S,S,S,S,S,PS,S,S,S,NS,NS,PS,NS,PS,NS,NS,NS
LambdaFunction,S, ,None,project,function,S,S,S,S,S,S,S,S,PS,S,S,S,NS,NS,PS,PS,PS,NS,NS,NS
LambdaFunction,S, ,None,project,arguments,S,S,S,S,S,S,S,S,PS,S,S,S,NS,NS,PS,PS,PS,NS,NS,NS
LambdaFunction,S, ,None,project,result,S,S,S,S,S,S,S,S,PS,S,S,S,NS,NS,PS,PS,PS,NS,NS,NS
LastDay,S,`last_day`,None,project,input,NA,NA,NA,NA,NA,NA,NA,S,NA,NA,NA,NA,NA,NA,NA,NA,NA,NA,NA,NA
LastDay,S,`last_day`,None,project,result,NA,NA,NA,NA,NA,NA,NA,S,NA,NA,NA,NA,NA,NA,NA,NA,NA,NA,NA,NA
Lead,S,`lead`,None,window,input,S,S,S,S,S,S,S,S,PS,S,S,S,NS,NS,PS,NS,PS,NS,NS,NS
Lead,S,`lead`,None,window,offset,NA,NA,NA,S,NA,NA,NA,NA,NA,NA,NA,NA,NA,NA,NA,NA,NA,NA,NA,NA
Lead,S,`lead`,None,window,default,S,S,S,S,S,S,S,S,PS,S,S,S,NS,NS,PS,NS,PS,NS,NS,NS
Lead,S,`lead`,None,window,result,S,S,S,S,S,S,S,S,PS,S,S,S,NS,NS,PS,NS,PS,NS,NS,NS
Least,S,`least`,None,project,param,S,S,S,S,S,S,S,S,PS,S,S,S,NS,NS,NS,NA,NS,NS,NA,NA
Least,S,`least`,None,project,result,S,S,S,S,S,S,S,S,PS,S,S,S,NS,NS,NS,NA,NS,NS,NA,NA
Length,S,`char_length`; `character_length`; `length`,None,project,input,NA,NA,NA,NA,NA,NA,NA,NA,NA,S,NA,NA,NS,NA,NA,NA,NA,NA,NA,NA
Length,S,`char_length`; `character_length`; `length`,None,project,result,NA,NA,NA,S,NA,NA,NA,NA,NA,NA,NA,NA,NA,NA,NA,NA,NA,NA,NA,NA
LessThan,S,`<`,None,project,lhs,S,S,S,S,S,S,S,S,PS,S,S,S,NS,NS,NS,NA,PS,NS,NA,NA
LessThan,S,`<`,None,project,rhs,S,S,S,S,S,S,S,S,PS,S,S,S,NS,NS,NS,NA,PS,NS,NA,NA
LessThan,S,`<`,None,project,result,S,NA,NA,NA,NA,NA,NA,NA,NA,NA,NA,NA,NA,NA,NA,NA,NA,NA,NA,NA
LessThan,S,`<`,None,AST,lhs,S,S,S,S,S,NS,NS,S,PS,S,NS,NS,NS,NS,NS,NA,NS,NS,NA,NA
LessThan,S,`<`,None,AST,rhs,S,S,S,S,S,NS,NS,S,PS,S,NS,NS,NS,NS,NS,NA,NS,NS,NA,NA
LessThan,S,`<`,None,AST,result,S,NA,NA,NA,NA,NA,NA,NA,NA,NA,NA,NA,NA,NA,NA,NA,NA,NA,NA,NA
LessThanOrEqual,S,`<=`,None,project,lhs,S,S,S,S,S,S,S,S,PS,S,S,S,NS,NS,NS,NA,PS,NS,NA,NA
LessThanOrEqual,S,`<=`,None,project,rhs,S,S,S,S,S,S,S,S,PS,S,S,S,NS,NS,NS,NA,PS,NS,NA,NA
LessThanOrEqual,S,`<=`,None,project,result,S,NA,NA,NA,NA,NA,NA,NA,NA,NA,NA,NA,NA,NA,NA,NA,NA,NA,NA,NA
LessThanOrEqual,S,`<=`,None,AST,lhs,S,S,S,S,S,NS,NS,S,PS,S,NS,NS,NS,NS,NS,NA,NS,NS,NA,NA
LessThanOrEqual,S,`<=`,None,AST,rhs,S,S,S,S,S,NS,NS,S,PS,S,NS,NS,NS,NS,NS,NA,NS,NS,NA,NA
LessThanOrEqual,S,`<=`,None,AST,result,S,NA,NA,NA,NA,NA,NA,NA,NA,NA,NA,NA,NA,NA,NA,NA,NA,NA,NA,NA
Like,S,`like`,None,project,src,NA,NA,NA,NA,NA,NA,NA,NA,NA,S,NA,NA,NA,NA,NA,NA,NA,NA,NA,NA
Like,S,`like`,None,project,search,NA,NA,NA,NA,NA,NA,NA,NA,NA,PS,NA,NA,NA,NA,NA,NA,NA,NA,NA,NA
Like,S,`like`,None,project,result,S,NA,NA,NA,NA,NA,NA,NA,NA,NA,NA,NA,NA,NA,NA,NA,NA,NA,NA,NA
Literal,S, ,None,project,result,S,S,S,S,S,S,S,S,PS,S,S,S,S,S,PS,PS,PS,NS,S,S
Literal,S, ,None,AST,result,S,S,S,S,S,S,S,S,PS,S,NS,NS,NS,NS,NS,NS,NS,NS,NS,NS
Log,S,`ln`,None,project,input,NA,NA,NA,NA,NA,NA,S,NA,NA,NA,NA,NA,NA,NA,NA,NA,NA,NA,NA,NA
Log,S,`ln`,None,project,result,NA,NA,NA,NA,NA,NA,S,NA,NA,NA,NA,NA,NA,NA,NA,NA,NA,NA,NA,NA
Log10,S,`log10`,None,project,input,NA,NA,NA,NA,NA,NA,S,NA,NA,NA,NA,NA,NA,NA,NA,NA,NA,NA,NA,NA
Log10,S,`log10`,None,project,result,NA,NA,NA,NA,NA,NA,S,NA,NA,NA,NA,NA,NA,NA,NA,NA,NA,NA,NA,NA
Log1p,S,`log1p`,None,project,input,NA,NA,NA,NA,NA,NA,S,NA,NA,NA,NA,NA,NA,NA,NA,NA,NA,NA,NA,NA
Log1p,S,`log1p`,None,project,result,NA,NA,NA,NA,NA,NA,S,NA,NA,NA,NA,NA,NA,NA,NA,NA,NA,NA,NA,NA
Log2,S,`log2`,None,project,input,NA,NA,NA,NA,NA,NA,S,NA,NA,NA,NA,NA,NA,NA,NA,NA,NA,NA,NA,NA
Log2,S,`log2`,None,project,result,NA,NA,NA,NA,NA,NA,S,NA,NA,NA,NA,NA,NA,NA,NA,NA,NA,NA,NA,NA
Logarithm,S,`log`,None,project,value,NA,NA,NA,NA,NA,NA,S,NA,NA,NA,NA,NA,NA,NA,NA,NA,NA,NA,NA,NA
Logarithm,S,`log`,None,project,base,NA,NA,NA,NA,NA,NA,S,NA,NA,NA,NA,NA,NA,NA,NA,NA,NA,NA,NA,NA
Logarithm,S,`log`,None,project,result,NA,NA,NA,NA,NA,NA,S,NA,NA,NA,NA,NA,NA,NA,NA,NA,NA,NA,NA,NA
Lower,S,`lcase`; `lower`,This is not 100% compatible with the Spark version because the Unicode version used by cuDF and the JVM may differ; resulting in some corner-case characters not changing case correctly.,project,input,NA,NA,NA,NA,NA,NA,NA,NA,NA,S,NA,NA,NA,NA,NA,NA,NA,NA,NA,NA
Lower,S,`lcase`; `lower`,This is not 100% compatible with the Spark version because the Unicode version used by cuDF and the JVM may differ; resulting in some corner-case characters not changing case correctly.,project,result,NA,NA,NA,NA,NA,NA,NA,NA,NA,S,NA,NA,NA,NA,NA,NA,NA,NA,NA,NA
MakeDecimal,S, ,None,project,input,NA,NA,NA,NA,S,NA,NA,NA,NA,NA,NA,NA,NA,NA,NA,NA,NA,NA,NA,NA
MakeDecimal,S, ,None,project,result,NA,NA,NA,NA,NA,NA,NA,NA,NA,NA,PS,NA,NA,NA,NA,NA,NA,NA,NA,NA
MapConcat,S,`map_concat`,None,project,input,NA,NA,NA,NA,NA,NA,NA,NA,NA,NA,NA,NA,NA,NA,NA,PS,NA,NA,NA,NA
MapConcat,S,`map_concat`,None,project,result,NA,NA,NA,NA,NA,NA,NA,NA,NA,NA,NA,NA,NA,NA,NA,PS,NA,NA,NA,NA
MapEntries,S,`map_entries`,None,project,input,NA,NA,NA,NA,NA,NA,NA,NA,NA,NA,NA,NA,NA,NA,NA,PS,NA,NA,NA,NA
MapEntries,S,`map_entries`,None,project,result,NA,NA,NA,NA,NA,NA,NA,NA,NA,NA,NA,NA,NA,NA,PS,NA,NA,NA,NA,NA
MapFilter,S,`map_filter`,None,project,argument,NA,NA,NA,NA,NA,NA,NA,NA,NA,NA,NA,NA,NA,NA,NA,PS,NA,NA,NA,NA
MapFilter,S,`map_filter`,None,project,function,S,NA,NA,NA,NA,NA,NA,NA,NA,NA,NA,NA,NA,NA,NA,NA,NA,NA,NA,NA
MapFilter,S,`map_filter`,None,project,result,NA,NA,NA,NA,NA,NA,NA,NA,NA,NA,NA,NA,NA,NA,NA,PS,NA,NA,NA,NA
MapKeys,S,`map_keys`,None,project,input,NA,NA,NA,NA,NA,NA,NA,NA,NA,NA,NA,NA,NA,NA,NA,PS,NA,NA,NA,NA
MapKeys,S,`map_keys`,None,project,result,NA,NA,NA,NA,NA,NA,NA,NA,NA,NA,NA,NA,NA,NA,PS,NA,NA,NA,NA,NA
MapValues,S,`map_values`,None,project,input,NA,NA,NA,NA,NA,NA,NA,NA,NA,NA,NA,NA,NA,NA,NA,PS,NA,NA,NA,NA
MapValues,S,`map_values`,None,project,result,NA,NA,NA,NA,NA,NA,NA,NA,NA,NA,NA,NA,NA,NA,PS,NA,NA,NA,NA,NA
Md5,S,`md5`,None,project,input,NA,NA,NA,NA,NA,NA,NA,NA,NA,NA,NA,NA,S,NA,NA,NA,NA,NA,NA,NA
Md5,S,`md5`,None,project,result,NA,NA,NA,NA,NA,NA,NA,NA,NA,S,NA,NA,NA,NA,NA,NA,NA,NA,NA,NA
MicrosToTimestamp,S,`timestamp_micros`,None,project,input,NA,S,S,S,S,NA,NA,NA,NA,NA,NA,NA,NA,NA,NA,NA,NA,NA,NA,NA
MicrosToTimestamp,S,`timestamp_micros`,None,project,result,NA,NA,NA,NA,NA,NA,NA,NA,PS,NA,NA,NA,NA,NA,NA,NA,NA,NA,NA,NA
MillisToTimestamp,S,`timestamp_millis`,None,project,input,NA,S,S,S,S,NA,NA,NA,NA,NA,NA,NA,NA,NA,NA,NA,NA,NA,NA,NA
MillisToTimestamp,S,`timestamp_millis`,None,project,result,NA,NA,NA,NA,NA,NA,NA,NA,PS,NA,NA,NA,NA,NA,NA,NA,NA,NA,NA,NA
Minute,S,`minute`,None,project,input,NA,NA,NA,NA,NA,NA,NA,NA,PS,NA,NA,NA,NA,NA,NA,NA,NA,NA,NA,NA
Minute,S,`minute`,None,project,result,NA,NA,NA,S,NA,NA,NA,NA,NA,NA,NA,NA,NA,NA,NA,NA,NA,NA,NA,NA
MonotonicallyIncreasingID,S,`monotonically_increasing_id`,None,project,result,NA,NA,NA,NA,S,NA,NA,NA,NA,NA,NA,NA,NA,NA,NA,NA,NA,NA,NA,NA
Month,S,`month`,None,project,input,NA,NA,NA,NA,NA,NA,NA,S,NA,NA,NA,NA,NA,NA,NA,NA,NA,NA,NA,NA
Month,S,`month`,None,project,result,NA,NA,NA,S,NA,NA,NA,NA,NA,NA,NA,NA,NA,NA,NA,NA,NA,NA,NA,NA
Multiply,S,`*`,None,project,lhs,NA,S,S,S,S,S,S,NA,NA,NA,S,NA,NA,NA,NA,NA,NA,NA,NA,NA
Multiply,S,`*`,None,project,rhs,NA,S,S,S,S,S,S,NA,NA,NA,S,NA,NA,NA,NA,NA,NA,NA,NA,NA
Multiply,S,`*`,None,project,result,NA,S,S,S,S,S,S,NA,NA,NA,S,NA,NA,NA,NA,NA,NA,NA,NA,NA
Multiply,S,`*`,None,AST,lhs,NA,NS,NS,S,S,S,S,NA,NA,NA,NS,NA,NA,NA,NA,NA,NA,NA,NA,NA
Multiply,S,`*`,None,AST,rhs,NA,NS,NS,S,S,S,S,NA,NA,NA,NS,NA,NA,NA,NA,NA,NA,NA,NA,NA
Multiply,S,`*`,None,AST,result,NA,NS,NS,S,S,S,S,NA,NA,NA,NS,NA,NA,NA,NA,NA,NA,NA,NA,NA
Murmur3Hash,S,`hash`,None,project,input,S,S,S,S,S,S,S,S,PS,S,S,S,NS,NS,PS,NS,PS,NS,NS,NS
Murmur3Hash,S,`hash`,None,project,result,NA,NA,NA,S,NA,NA,NA,NA,NA,NA,NA,NA,NA,NA,NA,NA,NA,NA,NA,NA
NaNvl,S,`nanvl`,None,project,lhs,NA,NA,NA,NA,NA,S,S,NA,NA,NA,NA,NA,NA,NA,NA,NA,NA,NA,NA,NA
NaNvl,S,`nanvl`,None,project,rhs,NA,NA,NA,NA,NA,S,S,NA,NA,NA,NA,NA,NA,NA,NA,NA,NA,NA,NA,NA
NaNvl,S,`nanvl`,None,project,result,NA,NA,NA,NA,NA,S,S,NA,NA,NA,NA,NA,NA,NA,NA,NA,NA,NA,NA,NA
NamedLambdaVariable,S, ,None,project,result,S,S,S,S,S,S,S,S,PS,S,S,S,NS,NS,PS,PS,PS,NS,NS,NS
Not,S,`!`; `not`,None,project,input,S,NA,NA,NA,NA,NA,NA,NA,NA,NA,NA,NA,NA,NA,NA,NA,NA,NA,NA,NA
Not,S,`!`; `not`,None,project,result,S,NA,NA,NA,NA,NA,NA,NA,NA,NA,NA,NA,NA,NA,NA,NA,NA,NA,NA,NA
Not,S,`!`; `not`,None,AST,input,S,NA,NA,NA,NA,NA,NA,NA,NA,NA,NA,NA,NA,NA,NA,NA,NA,NA,NA,NA
Not,S,`!`; `not`,None,AST,result,S,NA,NA,NA,NA,NA,NA,NA,NA,NA,NA,NA,NA,NA,NA,NA,NA,NA,NA,NA
NthValue,S,`nth_value`,None,window,input,S,S,S,S,S,S,S,S,PS,S,S,S,S,NS,PS,PS,PS,NS,NS,NS
NthValue,S,`nth_value`,None,window,offset,NA,NA,NA,S,NA,NA,NA,NA,NA,NA,NA,NA,NA,NA,NA,NA,NA,NA,NA,NA
NthValue,S,`nth_value`,None,window,result,S,S,S,S,S,S,S,S,PS,S,S,S,S,NS,PS,PS,PS,NS,NS,NS
OctetLength,S,`octet_length`,None,project,input,NA,NA,NA,NA,NA,NA,NA,NA,NA,S,NA,NA,NS,NA,NA,NA,NA,NA,NA,NA
OctetLength,S,`octet_length`,None,project,result,NA,NA,NA,S,NA,NA,NA,NA,NA,NA,NA,NA,NA,NA,NA,NA,NA,NA,NA,NA
Or,S,`or`,None,project,lhs,S,NA,NA,NA,NA,NA,NA,NA,NA,NA,NA,NA,NA,NA,NA,NA,NA,NA,NA,NA
Or,S,`or`,None,project,rhs,S,NA,NA,NA,NA,NA,NA,NA,NA,NA,NA,NA,NA,NA,NA,NA,NA,NA,NA,NA
Or,S,`or`,None,project,result,S,NA,NA,NA,NA,NA,NA,NA,NA,NA,NA,NA,NA,NA,NA,NA,NA,NA,NA,NA
Or,S,`or`,None,AST,lhs,S,NA,NA,NA,NA,NA,NA,NA,NA,NA,NA,NA,NA,NA,NA,NA,NA,NA,NA,NA
Or,S,`or`,None,AST,rhs,S,NA,NA,NA,NA,NA,NA,NA,NA,NA,NA,NA,NA,NA,NA,NA,NA,NA,NA,NA
Or,S,`or`,None,AST,result,S,NA,NA,NA,NA,NA,NA,NA,NA,NA,NA,NA,NA,NA,NA,NA,NA,NA,NA,NA
ParseUrl,S,`parse_url`,None,project,url,NA,NA,NA,NA,NA,NA,NA,NA,NA,S,NA,NA,NA,NA,NA,NA,NA,NA,NA,NA
ParseUrl,S,`parse_url`,None,project,partToExtract,NA,NA,NA,NA,NA,NA,NA,NA,NA,PS,NA,NA,NA,NA,NA,NA,NA,NA,NA,NA
ParseUrl,S,`parse_url`,None,project,key,NA,NA,NA,NA,NA,NA,NA,NA,NA,S,NA,NA,NA,NA,NA,NA,NA,NA,NA,NA
ParseUrl,S,`parse_url`,None,project,result,NA,NA,NA,NA,NA,NA,NA,NA,NA,S,NA,NA,NA,NA,NA,NA,NA,NA,NA,NA
PercentRank,S,`percent_rank`,None,window,ordering,S,S,S,S,S,S,S,S,PS,S,S,S,NS,NS,NS,NS,NS,NS,NS,NS
PercentRank,S,`percent_rank`,None,window,result,NA,NA,NA,NA,NA,NA,S,NA,NA,NA,NA,NA,NA,NA,NA,NA,NA,NA,NA,NA
Pmod,S,`pmod`,None,project,lhs,NA,S,S,S,S,S,S,NA,NA,NA,PS,NA,NA,NA,NA,NA,NA,NA,NA,NA
Pmod,S,`pmod`,None,project,rhs,NA,S,S,S,S,S,S,NA,NA,NA,NS,NA,NA,NA,NA,NA,NA,NA,NA,NA
Pmod,S,`pmod`,None,project,result,NA,S,S,S,S,S,S,NA,NA,NA,NS,NA,NA,NA,NA,NA,NA,NA,NA,NA
PosExplode,S,`posexplode_outer`; `posexplode`,None,project,input,NA,NA,NA,NA,NA,NA,NA,NA,NA,NA,NA,NA,NA,NA,PS,PS,NA,NA,NA,NA
PosExplode,S,`posexplode_outer`; `posexplode`,None,project,result,NA,NA,NA,NA,NA,NA,NA,NA,NA,NA,NA,NA,NA,NA,PS,NA,NA,NA,NA,NA
Pow,S,`pow`; `power`,None,project,lhs,NA,NA,NA,NA,NA,NA,S,NA,NA,NA,NA,NA,NA,NA,NA,NA,NA,NA,NA,NA
Pow,S,`pow`; `power`,None,project,rhs,NA,NA,NA,NA,NA,NA,S,NA,NA,NA,NA,NA,NA,NA,NA,NA,NA,NA,NA,NA
Pow,S,`pow`; `power`,None,project,result,NA,NA,NA,NA,NA,NA,S,NA,NA,NA,NA,NA,NA,NA,NA,NA,NA,NA,NA,NA
Pow,S,`pow`; `power`,None,AST,lhs,NA,NA,NA,NA,NA,NA,S,NA,NA,NA,NA,NA,NA,NA,NA,NA,NA,NA,NA,NA
Pow,S,`pow`; `power`,None,AST,rhs,NA,NA,NA,NA,NA,NA,S,NA,NA,NA,NA,NA,NA,NA,NA,NA,NA,NA,NA,NA
Pow,S,`pow`; `power`,None,AST,result,NA,NA,NA,NA,NA,NA,S,NA,NA,NA,NA,NA,NA,NA,NA,NA,NA,NA,NA,NA
PreciseTimestampConversion,S, ,None,project,input,NA,NA,NA,NA,S,NA,NA,NA,PS,NA,NA,NA,NA,NA,NA,NA,NA,NA,NA,NA
PreciseTimestampConversion,S, ,None,project,result,NA,NA,NA,NA,S,NA,NA,NA,PS,NA,NA,NA,NA,NA,NA,NA,NA,NA,NA,NA
PromotePrecision,S, ,None,project,input,NA,NA,NA,NA,NA,NA,NA,NA,NA,NA,S,NA,NA,NA,NA,NA,NA,NA,NA,NA
PromotePrecision,S, ,None,project,result,NA,NA,NA,NA,NA,NA,NA,NA,NA,NA,S,NA,NA,NA,NA,NA,NA,NA,NA,NA
PythonUDF,S, ,None,aggregation,param,S,S,S,S,S,S,S,S,PS,S,NS,NS,NS,NS,PS,NS,PS,NS,NS,NS
PythonUDF,S, ,None,aggregation,result,S,S,S,S,S,S,S,S,PS,S,NS,NS,NS,NA,PS,NS,PS,NA,NA,NA
PythonUDF,S, ,None,reduction,param,S,S,S,S,S,S,S,S,PS,S,NS,NS,NS,NS,PS,NS,PS,NS,NS,NS
PythonUDF,S, ,None,reduction,result,S,S,S,S,S,S,S,S,PS,S,NS,NS,NS,NA,PS,NS,PS,NA,NA,NA
PythonUDF,S, ,None,window,param,S,S,S,S,S,S,S,S,PS,S,NS,NS,NS,NS,PS,NS,PS,NS,NS,NS
PythonUDF,S, ,None,window,result,S,S,S,S,S,S,S,S,PS,S,NS,NS,NS,NA,PS,NS,PS,NA,NA,NA
PythonUDF,S, ,None,project,param,S,S,S,S,S,S,S,S,PS,S,NS,NS,NS,NS,PS,NS,PS,NS,NS,NS
PythonUDF,S, ,None,project,result,S,S,S,S,S,S,S,S,PS,S,NS,NS,NS,NA,PS,NS,PS,NA,NA,NA
Quarter,S,`quarter`,None,project,input,NA,NA,NA,NA,NA,NA,NA,S,NA,NA,NA,NA,NA,NA,NA,NA,NA,NA,NA,NA
Quarter,S,`quarter`,None,project,result,NA,NA,NA,S,NA,NA,NA,NA,NA,NA,NA,NA,NA,NA,NA,NA,NA,NA,NA,NA
RLike,S,`regexp_like`; `regexp`; `rlike`,None,project,str,NA,NA,NA,NA,NA,NA,NA,NA,NA,S,NA,NA,NA,NA,NA,NA,NA,NA,NA,NA
RLike,S,`regexp_like`; `regexp`; `rlike`,None,project,regexp,NA,NA,NA,NA,NA,NA,NA,NA,NA,PS,NA,NA,NA,NA,NA,NA,NA,NA,NA,NA
RLike,S,`regexp_like`; `regexp`; `rlike`,None,project,result,S,NA,NA,NA,NA,NA,NA,NA,NA,NA,NA,NA,NA,NA,NA,NA,NA,NA,NA,NA
RaiseError,S,`raise_error`,None,project,input,NA,NA,NA,NA,NA,NA,NA,NA,NA,S,NA,NA,NA,NA,NA,NA,NA,NA,NA,NA
RaiseError,S,`raise_error`,None,project,result,NA,NA,NA,NA,NA,NA,NA,NA,NA,NA,NA,S,NA,NA,NA,NA,NA,NA,NA,NA
Rand,S,`rand`; `random`,None,project,seed,NA,NA,NA,S,S,NA,NA,NA,NA,NA,NA,NA,NA,NA,NA,NA,NA,NA,NA,NA
Rand,S,`rand`; `random`,None,project,result,NA,NA,NA,NA,NA,NA,S,NA,NA,NA,NA,NA,NA,NA,NA,NA,NA,NA,NA,NA
Rank,S,`rank`,None,window,ordering,S,S,S,S,S,S,S,S,PS,S,S,S,NS,NS,NS,NS,NS,NS,NS,NS
Rank,S,`rank`,None,window,result,NA,NA,NA,S,NA,NA,NA,NA,NA,NA,NA,NA,NA,NA,NA,NA,NA,NA,NA,NA
RegExpExtract,S,`regexp_extract`,None,project,str,NA,NA,NA,NA,NA,NA,NA,NA,NA,S,NA,NA,NA,NA,NA,NA,NA,NA,NA,NA
RegExpExtract,S,`regexp_extract`,None,project,regexp,NA,NA,NA,NA,NA,NA,NA,NA,NA,PS,NA,NA,NA,NA,NA,NA,NA,NA,NA,NA
RegExpExtract,S,`regexp_extract`,None,project,idx,NA,NA,NA,S,NA,NA,NA,NA,NA,NA,NA,NA,NA,NA,NA,NA,NA,NA,NA,NA
RegExpExtract,S,`regexp_extract`,None,project,result,NA,NA,NA,NA,NA,NA,NA,NA,NA,S,NA,NA,NA,NA,NA,NA,NA,NA,NA,NA
RegExpExtractAll,S,`regexp_extract_all`,None,project,str,NA,NA,NA,NA,NA,NA,NA,NA,NA,S,NA,NA,NA,NA,NA,NA,NA,NA,NA,NA
RegExpExtractAll,S,`regexp_extract_all`,None,project,regexp,NA,NA,NA,NA,NA,NA,NA,NA,NA,PS,NA,NA,NA,NA,NA,NA,NA,NA,NA,NA
RegExpExtractAll,S,`regexp_extract_all`,None,project,idx,NA,NA,NA,PS,NA,NA,NA,NA,NA,NA,NA,NA,NA,NA,NA,NA,NA,NA,NA,NA
RegExpExtractAll,S,`regexp_extract_all`,None,project,result,NA,NA,NA,NA,NA,NA,NA,NA,NA,NA,NA,NA,NA,NA,S,NA,NA,NA,NA,NA
RegExpReplace,S,`regexp_replace`,None,project,regex,NA,NA,NA,NA,NA,NA,NA,NA,NA,PS,NA,NA,NA,NA,NA,NA,NA,NA,NA,NA
RegExpReplace,S,`regexp_replace`,None,project,result,NA,NA,NA,NA,NA,NA,NA,NA,NA,S,NA,NA,NA,NA,NA,NA,NA,NA,NA,NA
RegExpReplace,S,`regexp_replace`,None,project,pos,NA,NA,NA,PS,NA,NA,NA,NA,NA,NA,NA,NA,NA,NA,NA,NA,NA,NA,NA,NA
RegExpReplace,S,`regexp_replace`,None,project,str,NA,NA,NA,NA,NA,NA,NA,NA,NA,S,NA,NA,NA,NA,NA,NA,NA,NA,NA,NA
RegExpReplace,S,`regexp_replace`,None,project,rep,NA,NA,NA,NA,NA,NA,NA,NA,NA,PS,NA,NA,NA,NA,NA,NA,NA,NA,NA,NA
Remainder,S,`%`; `mod`,None,project,lhs,NA,S,S,S,S,S,S,NA,NA,NA,S,NA,NA,NA,NA,NA,NA,NA,NA,NA
Remainder,S,`%`; `mod`,None,project,rhs,NA,S,S,S,S,S,S,NA,NA,NA,S,NA,NA,NA,NA,NA,NA,NA,NA,NA
Remainder,S,`%`; `mod`,None,project,result,NA,S,S,S,S,S,S,NA,NA,NA,S,NA,NA,NA,NA,NA,NA,NA,NA,NA
ReplicateRows,S, ,None,project,input,S,S,S,S,S,S,S,S,PS,S,S,S,NS,NS,PS,NS,PS,NS,NS,NS
ReplicateRows,S, ,None,project,result,NA,NA,NA,NA,NA,NA,NA,NA,NA,NA,NA,NA,NA,NA,PS,NA,NA,NA,NA,NA
Reverse,S,`reverse`,None,project,input,NA,NA,NA,NA,NA,NA,NA,NA,NA,S,NA,NA,NA,NA,PS,NA,NA,NA,NA,NA
Reverse,S,`reverse`,None,project,result,NA,NA,NA,NA,NA,NA,NA,NA,NA,S,NA,NA,NA,NA,PS,NA,NA,NA,NA,NA
Rint,S,`rint`,None,project,input,NA,NA,NA,NA,NA,NA,S,NA,NA,NA,NA,NA,NA,NA,NA,NA,NA,NA,NA,NA
Rint,S,`rint`,None,project,result,NA,NA,NA,NA,NA,NA,S,NA,NA,NA,NA,NA,NA,NA,NA,NA,NA,NA,NA,NA
Rint,S,`rint`,None,AST,input,NA,NA,NA,NA,NA,NA,S,NA,NA,NA,NA,NA,NA,NA,NA,NA,NA,NA,NA,NA
Rint,S,`rint`,None,AST,result,NA,NA,NA,NA,NA,NA,S,NA,NA,NA,NA,NA,NA,NA,NA,NA,NA,NA,NA,NA
Round,S,`round`,None,project,value,NA,S,S,S,S,PS,PS,NA,NA,NA,S,NA,NA,NA,NA,NA,NA,NA,NA,NA
Round,S,`round`,None,project,scale,NA,NA,NA,S,NA,NA,NA,NA,NA,NA,NA,NA,NA,NA,NA,NA,NA,NA,NA,NA
Round,S,`round`,None,project,result,NA,S,S,S,S,S,S,NA,NA,NA,S,NA,NA,NA,NA,NA,NA,NA,NA,NA
RowNumber,S,`row_number`,None,window,result,NA,NA,NA,S,NA,NA,NA,NA,NA,NA,NA,NA,NA,NA,NA,NA,NA,NA,NA,NA
ScalaUDF,S, ,None,project,param,S,S,S,S,S,S,S,S,PS,S,S,S,S,S,PS,PS,PS,NS,NS,NS
ScalaUDF,S, ,None,project,result,S,S,S,S,S,S,S,S,PS,S,S,S,S,S,PS,PS,PS,NS,NS,NS
Second,S,`second`,None,project,input,NA,NA,NA,NA,NA,NA,NA,NA,PS,NA,NA,NA,NA,NA,NA,NA,NA,NA,NA,NA
Second,S,`second`,None,project,result,NA,NA,NA,S,NA,NA,NA,NA,NA,NA,NA,NA,NA,NA,NA,NA,NA,NA,NA,NA
SecondsToTimestamp,S,`timestamp_seconds`,None,project,input,NA,S,S,S,S,S,S,NA,NA,NA,S,NA,NA,NA,NA,NA,NA,NA,NA,NA
SecondsToTimestamp,S,`timestamp_seconds`,None,project,result,NA,NA,NA,NA,NA,NA,NA,NA,PS,NA,NA,NA,NA,NA,NA,NA,NA,NA,NA,NA
Sequence,S,`sequence`,None,project,start,NA,S,S,S,S,NA,NA,NS,NS,NA,NA,NA,NA,NA,NA,NA,NA,NA,NA,NA
Sequence,S,`sequence`,None,project,stop,NA,S,S,S,S,NA,NA,NS,NS,NA,NA,NA,NA,NA,NA,NA,NA,NA,NA,NA
Sequence,S,`sequence`,None,project,step,NA,S,S,S,S,NA,NA,NA,NA,NA,NA,NA,NA,NS,NA,NA,NA,NA,NA,NA
Sequence,S,`sequence`,None,project,result,NA,NA,NA,NA,NA,NA,NA,NA,NA,NA,NA,NA,NA,NA,PS,NA,NA,NA,NA,NA
ShiftLeft,S,`shiftleft`,None,project,value,NA,NA,NA,S,S,NA,NA,NA,NA,NA,NA,NA,NA,NA,NA,NA,NA,NA,NA,NA
ShiftLeft,S,`shiftleft`,None,project,amount,NA,NA,NA,S,NA,NA,NA,NA,NA,NA,NA,NA,NA,NA,NA,NA,NA,NA,NA,NA
ShiftLeft,S,`shiftleft`,None,project,result,NA,NA,NA,S,S,NA,NA,NA,NA,NA,NA,NA,NA,NA,NA,NA,NA,NA,NA,NA
ShiftRight,S,`shiftright`,None,project,value,NA,NA,NA,S,S,NA,NA,NA,NA,NA,NA,NA,NA,NA,NA,NA,NA,NA,NA,NA
ShiftRight,S,`shiftright`,None,project,amount,NA,NA,NA,S,NA,NA,NA,NA,NA,NA,NA,NA,NA,NA,NA,NA,NA,NA,NA,NA
ShiftRight,S,`shiftright`,None,project,result,NA,NA,NA,S,S,NA,NA,NA,NA,NA,NA,NA,NA,NA,NA,NA,NA,NA,NA,NA
ShiftRightUnsigned,S,`shiftrightunsigned`,None,project,value,NA,NA,NA,S,S,NA,NA,NA,NA,NA,NA,NA,NA,NA,NA,NA,NA,NA,NA,NA
ShiftRightUnsigned,S,`shiftrightunsigned`,None,project,amount,NA,NA,NA,S,NA,NA,NA,NA,NA,NA,NA,NA,NA,NA,NA,NA,NA,NA,NA,NA
ShiftRightUnsigned,S,`shiftrightunsigned`,None,project,result,NA,NA,NA,S,S,NA,NA,NA,NA,NA,NA,NA,NA,NA,NA,NA,NA,NA,NA,NA
Signum,S,`sign`; `signum`,None,project,input,NA,NA,NA,NA,NA,NA,S,NA,NA,NA,NA,NA,NA,NA,NA,NA,NA,NA,NA,NA
Signum,S,`sign`; `signum`,None,project,result,NA,NA,NA,NA,NA,NA,S,NA,NA,NA,NA,NA,NA,NA,NA,NA,NA,NA,NA,NA
Sin,S,`sin`,None,project,input,NA,NA,NA,NA,NA,NA,S,NA,NA,NA,NA,NA,NA,NA,NA,NA,NA,NA,NA,NA
Sin,S,`sin`,None,project,result,NA,NA,NA,NA,NA,NA,S,NA,NA,NA,NA,NA,NA,NA,NA,NA,NA,NA,NA,NA
Sin,S,`sin`,None,AST,input,NA,NA,NA,NA,NA,NA,S,NA,NA,NA,NA,NA,NA,NA,NA,NA,NA,NA,NA,NA
Sin,S,`sin`,None,AST,result,NA,NA,NA,NA,NA,NA,S,NA,NA,NA,NA,NA,NA,NA,NA,NA,NA,NA,NA,NA
Sinh,S,`sinh`,None,project,input,NA,NA,NA,NA,NA,NA,S,NA,NA,NA,NA,NA,NA,NA,NA,NA,NA,NA,NA,NA
Sinh,S,`sinh`,None,project,result,NA,NA,NA,NA,NA,NA,S,NA,NA,NA,NA,NA,NA,NA,NA,NA,NA,NA,NA,NA
Sinh,S,`sinh`,None,AST,input,NA,NA,NA,NA,NA,NA,S,NA,NA,NA,NA,NA,NA,NA,NA,NA,NA,NA,NA,NA
Sinh,S,`sinh`,None,AST,result,NA,NA,NA,NA,NA,NA,S,NA,NA,NA,NA,NA,NA,NA,NA,NA,NA,NA,NA,NA
Size,S,`cardinality`; `size`,None,project,input,NA,NA,NA,NA,NA,NA,NA,NA,NA,NA,NA,NA,NA,NA,PS,PS,NA,NA,NA,NA
Size,S,`cardinality`; `size`,None,project,result,NA,NA,NA,S,NA,NA,NA,NA,NA,NA,NA,NA,NA,NA,NA,NA,NA,NA,NA,NA
SortArray,S,`sort_array`,None,project,array,NA,NA,NA,NA,NA,NA,NA,NA,NA,NA,NA,NA,NA,NA,PS,NA,NA,NA,NA,NA
SortArray,S,`sort_array`,None,project,ascendingOrder,S,NA,NA,NA,NA,NA,NA,NA,NA,NA,NA,NA,NA,NA,NA,NA,NA,NA,NA,NA
SortArray,S,`sort_array`,None,project,result,NA,NA,NA,NA,NA,NA,NA,NA,NA,NA,NA,NA,NA,NA,PS,NA,NA,NA,NA,NA
SortOrder,S, ,None,project,input,S,S,S,S,S,S,S,S,PS,S,S,S,NS,NS,PS,NA,PS,NS,NA,NA
SortOrder,S, ,None,project,result,S,S,S,S,S,S,S,S,PS,S,S,S,NS,NS,PS,NA,PS,NS,NA,NA
SparkPartitionID,S,`spark_partition_id`,None,project,result,NA,NA,NA,S,NA,NA,NA,NA,NA,NA,NA,NA,NA,NA,NA,NA,NA,NA,NA,NA
SpecifiedWindowFrame,S, ,None,project,lower,NA,S,S,S,S,S,S,NA,NA,NA,S,NA,NA,S,NA,NA,NA,NA,S,NS
SpecifiedWindowFrame,S, ,None,project,upper,NA,S,S,S,S,S,S,NA,NA,NA,S,NA,NA,S,NA,NA,NA,NA,S,NS
SpecifiedWindowFrame,S, ,None,project,result,NA,S,S,S,S,NS,NS,NA,NA,NA,NS,NA,NA,S,NA,NA,NA,NA,S,NS
Sqrt,S,`sqrt`,None,project,input,NA,NA,NA,NA,NA,NA,S,NA,NA,NA,NA,NA,NA,NA,NA,NA,NA,NA,NA,NA
Sqrt,S,`sqrt`,None,project,result,NA,NA,NA,NA,NA,NA,S,NA,NA,NA,NA,NA,NA,NA,NA,NA,NA,NA,NA,NA
Sqrt,S,`sqrt`,None,AST,input,NA,NA,NA,NA,NA,NA,S,NA,NA,NA,NA,NA,NA,NA,NA,NA,NA,NA,NA,NA
Sqrt,S,`sqrt`,None,AST,result,NA,NA,NA,NA,NA,NA,S,NA,NA,NA,NA,NA,NA,NA,NA,NA,NA,NA,NA,NA
Stack,S,`stack`,None,project,n,NA,NA,NA,PS,NA,NA,NA,NA,NA,NA,NA,NA,NA,NA,NA,NA,NA,NA,NA,NA
Stack,S,`stack`,None,project,expr,S,S,S,S,S,S,S,S,PS,S,S,S,NS,NS,PS,PS,PS,NS,NS,NS
Stack,S,`stack`,None,project,result,NA,NA,NA,NA,NA,NA,NA,NA,NA,NA,NA,NA,NA,NA,PS,NA,NA,NA,NA,NA
StartsWith,S, ,None,project,src,NA,NA,NA,NA,NA,NA,NA,NA,NA,S,NA,NA,NA,NA,NA,NA,NA,NA,NA,NA
StartsWith,S, ,None,project,search,NA,NA,NA,NA,NA,NA,NA,NA,NA,PS,NA,NA,NA,NA,NA,NA,NA,NA,NA,NA
StartsWith,S, ,None,project,result,S,NA,NA,NA,NA,NA,NA,NA,NA,NA,NA,NA,NA,NA,NA,NA,NA,NA,NA,NA
StringInstr,S,`instr`,None,project,str,NA,NA,NA,NA,NA,NA,NA,NA,NA,S,NA,NA,NA,NA,NA,NA,NA,NA,NA,NA
StringInstr,S,`instr`,None,project,substr,NA,NA,NA,NA,NA,NA,NA,NA,NA,PS,NA,NA,NA,NA,NA,NA,NA,NA,NA,NA
StringInstr,S,`instr`,None,project,result,NA,NA,NA,S,NA,NA,NA,NA,NA,NA,NA,NA,NA,NA,NA,NA,NA,NA,NA,NA
StringLPad,S,`lpad`,None,project,str,NA,NA,NA,NA,NA,NA,NA,NA,NA,S,NA,NA,NA,NA,NA,NA,NA,NA,NA,NA
StringLPad,S,`lpad`,None,project,len,NA,NA,NA,PS,NA,NA,NA,NA,NA,NA,NA,NA,NA,NA,NA,NA,NA,NA,NA,NA
StringLPad,S,`lpad`,None,project,pad,NA,NA,NA,NA,NA,NA,NA,NA,NA,PS,NA,NA,NA,NA,NA,NA,NA,NA,NA,NA
StringLPad,S,`lpad`,None,project,result,NA,NA,NA,NA,NA,NA,NA,NA,NA,S,NA,NA,NA,NA,NA,NA,NA,NA,NA,NA
StringLocate,S,`locate`; `position`,None,project,substr,NA,NA,NA,NA,NA,NA,NA,NA,NA,PS,NA,NA,NA,NA,NA,NA,NA,NA,NA,NA
StringLocate,S,`locate`; `position`,None,project,str,NA,NA,NA,NA,NA,NA,NA,NA,NA,S,NA,NA,NA,NA,NA,NA,NA,NA,NA,NA
StringLocate,S,`locate`; `position`,None,project,start,NA,NA,NA,PS,NA,NA,NA,NA,NA,NA,NA,NA,NA,NA,NA,NA,NA,NA,NA,NA
StringLocate,S,`locate`; `position`,None,project,result,NA,NA,NA,S,NA,NA,NA,NA,NA,NA,NA,NA,NA,NA,NA,NA,NA,NA,NA,NA
StringRPad,S,`rpad`,None,project,str,NA,NA,NA,NA,NA,NA,NA,NA,NA,S,NA,NA,NA,NA,NA,NA,NA,NA,NA,NA
StringRPad,S,`rpad`,None,project,len,NA,NA,NA,PS,NA,NA,NA,NA,NA,NA,NA,NA,NA,NA,NA,NA,NA,NA,NA,NA
StringRPad,S,`rpad`,None,project,pad,NA,NA,NA,NA,NA,NA,NA,NA,NA,PS,NA,NA,NA,NA,NA,NA,NA,NA,NA,NA
StringRPad,S,`rpad`,None,project,result,NA,NA,NA,NA,NA,NA,NA,NA,NA,S,NA,NA,NA,NA,NA,NA,NA,NA,NA,NA
StringRepeat,S,`repeat`,None,project,input,NA,NA,NA,NA,NA,NA,NA,NA,NA,S,NA,NA,NA,NA,NA,NA,NA,NA,NA,NA
StringRepeat,S,`repeat`,None,project,repeatTimes,NA,NA,NA,S,NA,NA,NA,NA,NA,NA,NA,NA,NA,NA,NA,NA,NA,NA,NA,NA
StringRepeat,S,`repeat`,None,project,result,NA,NA,NA,NA,NA,NA,NA,NA,NA,S,NA,NA,NA,NA,NA,NA,NA,NA,NA,NA
StringReplace,S,`replace`,None,project,src,NA,NA,NA,NA,NA,NA,NA,NA,NA,S,NA,NA,NA,NA,NA,NA,NA,NA,NA,NA
StringReplace,S,`replace`,None,project,search,NA,NA,NA,NA,NA,NA,NA,NA,NA,PS,NA,NA,NA,NA,NA,NA,NA,NA,NA,NA
StringReplace,S,`replace`,None,project,replace,NA,NA,NA,NA,NA,NA,NA,NA,NA,PS,NA,NA,NA,NA,NA,NA,NA,NA,NA,NA
StringReplace,S,`replace`,None,project,result,NA,NA,NA,NA,NA,NA,NA,NA,NA,S,NA,NA,NA,NA,NA,NA,NA,NA,NA,NA
StringSplit,S,`split`,None,project,str,NA,NA,NA,NA,NA,NA,NA,NA,NA,S,NA,NA,NA,NA,NA,NA,NA,NA,NA,NA
StringSplit,S,`split`,None,project,regexp,NA,NA,NA,NA,NA,NA,NA,NA,NA,PS,NA,NA,NA,NA,NA,NA,NA,NA,NA,NA
StringSplit,S,`split`,None,project,limit,NA,NA,NA,PS,NA,NA,NA,NA,NA,NA,NA,NA,NA,NA,NA,NA,NA,NA,NA,NA
StringSplit,S,`split`,None,project,result,NA,NA,NA,NA,NA,NA,NA,NA,NA,NA,NA,NA,NA,NA,S,NA,NA,NA,NA,NA
StringToMap,S,`str_to_map`,None,project,str,NA,NA,NA,NA,NA,NA,NA,NA,NA,S,NA,NA,NA,NA,NA,NA,NA,NA,NA,NA
StringToMap,S,`str_to_map`,None,project,pairDelim,NA,NA,NA,NA,NA,NA,NA,NA,NA,S,NA,NA,NA,NA,NA,NA,NA,NA,NA,NA
StringToMap,S,`str_to_map`,None,project,keyValueDelim,NA,NA,NA,NA,NA,NA,NA,NA,NA,S,NA,NA,NA,NA,NA,NA,NA,NA,NA,NA
StringToMap,S,`str_to_map`,None,project,result,NA,NA,NA,NA,NA,NA,NA,NA,NA,NA,NA,NA,NA,NA,NA,S,NA,NA,NA,NA
StringTranslate,S,`translate`,This is not 100% compatible with the Spark version because the GPU implementation supports all unicode code points. In Spark versions < 3.2.0; translate() does not support unicode characters with code point >= U+10000 (See SPARK-34094),project,input,NA,NA,NA,NA,NA,NA,NA,NA,NA,S,NA,NA,NA,NA,NA,NA,NA,NA,NA,NA
StringTranslate,S,`translate`,This is not 100% compatible with the Spark version because the GPU implementation supports all unicode code points. In Spark versions < 3.2.0; translate() does not support unicode characters with code point >= U+10000 (See SPARK-34094),project,from,NA,NA,NA,NA,NA,NA,NA,NA,NA,PS,NA,NA,NA,NA,NA,NA,NA,NA,NA,NA
StringTranslate,S,`translate`,This is not 100% compatible with the Spark version because the GPU implementation supports all unicode code points. In Spark versions < 3.2.0; translate() does not support unicode characters with code point >= U+10000 (See SPARK-34094),project,to,NA,NA,NA,NA,NA,NA,NA,NA,NA,PS,NA,NA,NA,NA,NA,NA,NA,NA,NA,NA
StringTranslate,S,`translate`,This is not 100% compatible with the Spark version because the GPU implementation supports all unicode code points. In Spark versions < 3.2.0; translate() does not support unicode characters with code point >= U+10000 (See SPARK-34094),project,result,NA,NA,NA,NA,NA,NA,NA,NA,NA,S,NA,NA,NA,NA,NA,NA,NA,NA,NA,NA
StringTrim,S,`trim`,None,project,src,NA,NA,NA,NA,NA,NA,NA,NA,NA,S,NA,NA,NA,NA,NA,NA,NA,NA,NA,NA
StringTrim,S,`trim`,None,project,trimStr,NA,NA,NA,NA,NA,NA,NA,NA,NA,PS,NA,NA,NA,NA,NA,NA,NA,NA,NA,NA
StringTrim,S,`trim`,None,project,result,NA,NA,NA,NA,NA,NA,NA,NA,NA,S,NA,NA,NA,NA,NA,NA,NA,NA,NA,NA
StringTrimLeft,S,`ltrim`,None,project,src,NA,NA,NA,NA,NA,NA,NA,NA,NA,S,NA,NA,NA,NA,NA,NA,NA,NA,NA,NA
StringTrimLeft,S,`ltrim`,None,project,trimStr,NA,NA,NA,NA,NA,NA,NA,NA,NA,PS,NA,NA,NA,NA,NA,NA,NA,NA,NA,NA
StringTrimLeft,S,`ltrim`,None,project,result,NA,NA,NA,NA,NA,NA,NA,NA,NA,S,NA,NA,NA,NA,NA,NA,NA,NA,NA,NA
StringTrimRight,S,`rtrim`,None,project,src,NA,NA,NA,NA,NA,NA,NA,NA,NA,S,NA,NA,NA,NA,NA,NA,NA,NA,NA,NA
StringTrimRight,S,`rtrim`,None,project,trimStr,NA,NA,NA,NA,NA,NA,NA,NA,NA,PS,NA,NA,NA,NA,NA,NA,NA,NA,NA,NA
StringTrimRight,S,`rtrim`,None,project,result,NA,NA,NA,NA,NA,NA,NA,NA,NA,S,NA,NA,NA,NA,NA,NA,NA,NA,NA,NA
StructsToJson,NS,`to_json`,This is disabled by default because it is currently in beta and undergoes continuous enhancements. Please consult the [compatibility documentation](../compatibility.md#json-supporting-types) to determine whether you can enable this configuration for your use case,project,struct,S,S,S,S,S,S,S,S,PS,S,S,NA,NA,NA,PS,PS,PS,NA,NA,NA
StructsToJson,NS,`to_json`,This is disabled by default because it is currently in beta and undergoes continuous enhancements. Please consult the [compatibility documentation](../compatibility.md#json-supporting-types) to determine whether you can enable this configuration for your use case,project,result,NA,NA,NA,NA,NA,NA,NA,NA,NA,S,NA,NA,NA,NA,NA,NA,NA,NA,NA,NA
Substring,S,`substr`; `substring`,None,project,str,NA,NA,NA,NA,NA,NA,NA,NA,NA,S,NA,NA,NS,NA,NA,NA,NA,NA,NA,NA
Substring,S,`substr`; `substring`,None,project,pos,NA,NA,NA,S,NA,NA,NA,NA,NA,NA,NA,NA,NA,NA,NA,NA,NA,NA,NA,NA
Substring,S,`substr`; `substring`,None,project,len,NA,NA,NA,S,NA,NA,NA,NA,NA,NA,NA,NA,NA,NA,NA,NA,NA,NA,NA,NA
Substring,S,`substr`; `substring`,None,project,result,NA,NA,NA,NA,NA,NA,NA,NA,NA,S,NA,NA,NS,NA,NA,NA,NA,NA,NA,NA
SubstringIndex,S,`substring_index`,None,project,str,NA,NA,NA,NA,NA,NA,NA,NA,NA,S,NA,NA,NA,NA,NA,NA,NA,NA,NA,NA
SubstringIndex,S,`substring_index`,None,project,delim,NA,NA,NA,NA,NA,NA,NA,NA,NA,PS,NA,NA,NA,NA,NA,NA,NA,NA,NA,NA
SubstringIndex,S,`substring_index`,None,project,count,NA,NA,NA,PS,NA,NA,NA,NA,NA,NA,NA,NA,NA,NA,NA,NA,NA,NA,NA,NA
SubstringIndex,S,`substring_index`,None,project,result,NA,NA,NA,NA,NA,NA,NA,NA,NA,S,NA,NA,NA,NA,NA,NA,NA,NA,NA,NA
Subtract,S,`-`,None,project,lhs,NA,S,S,S,S,S,S,NA,NA,NA,S,NA,NA,NS,NA,NA,NA,NA,NS,NS
Subtract,S,`-`,None,project,rhs,NA,S,S,S,S,S,S,NA,NA,NA,S,NA,NA,NS,NA,NA,NA,NA,NS,NS
Subtract,S,`-`,None,project,result,NA,S,S,S,S,S,S,NA,NA,NA,S,NA,NA,NS,NA,NA,NA,NA,NS,NS
Subtract,S,`-`,None,AST,lhs,NA,NS,NS,S,S,S,S,NA,NA,NA,NS,NA,NA,NS,NA,NA,NA,NA,NS,NS
Subtract,S,`-`,None,AST,rhs,NA,NS,NS,S,S,S,S,NA,NA,NA,NS,NA,NA,NS,NA,NA,NA,NA,NS,NS
Subtract,S,`-`,None,AST,result,NA,NS,NS,S,S,S,S,NA,NA,NA,NS,NA,NA,NS,NA,NA,NA,NA,NS,NS
Tan,S,`tan`,None,project,input,NA,NA,NA,NA,NA,NA,S,NA,NA,NA,NA,NA,NA,NA,NA,NA,NA,NA,NA,NA
Tan,S,`tan`,None,project,result,NA,NA,NA,NA,NA,NA,S,NA,NA,NA,NA,NA,NA,NA,NA,NA,NA,NA,NA,NA
Tan,S,`tan`,None,AST,input,NA,NA,NA,NA,NA,NA,S,NA,NA,NA,NA,NA,NA,NA,NA,NA,NA,NA,NA,NA
Tan,S,`tan`,None,AST,result,NA,NA,NA,NA,NA,NA,S,NA,NA,NA,NA,NA,NA,NA,NA,NA,NA,NA,NA,NA
Tanh,S,`tanh`,None,project,input,NA,NA,NA,NA,NA,NA,S,NA,NA,NA,NA,NA,NA,NA,NA,NA,NA,NA,NA,NA
Tanh,S,`tanh`,None,project,result,NA,NA,NA,NA,NA,NA,S,NA,NA,NA,NA,NA,NA,NA,NA,NA,NA,NA,NA,NA
Tanh,S,`tanh`,None,AST,input,NA,NA,NA,NA,NA,NA,S,NA,NA,NA,NA,NA,NA,NA,NA,NA,NA,NA,NA,NA
Tanh,S,`tanh`,None,AST,result,NA,NA,NA,NA,NA,NA,S,NA,NA,NA,NA,NA,NA,NA,NA,NA,NA,NA,NA,NA
TimeAdd,S, ,None,project,start,NA,NA,NA,NA,NA,NA,NA,NA,PS,NA,NA,NA,NA,NA,NA,NA,NA,NA,NA,NA
TimeAdd,S, ,None,project,interval,NA,NA,NA,NA,NA,NA,NA,NA,NA,NA,NA,NA,NA,PS,NA,NA,NA,NA,PS,NA
TimeAdd,S, ,None,project,result,NA,NA,NA,NA,NA,NA,NA,NA,PS,NA,NA,NA,NA,NA,NA,NA,NA,NA,NA,NA
ToDegrees,S,`degrees`,None,project,input,NA,NA,NA,NA,NA,NA,S,NA,NA,NA,NA,NA,NA,NA,NA,NA,NA,NA,NA,NA
ToDegrees,S,`degrees`,None,project,result,NA,NA,NA,NA,NA,NA,S,NA,NA,NA,NA,NA,NA,NA,NA,NA,NA,NA,NA,NA
ToRadians,S,`radians`,None,project,input,NA,NA,NA,NA,NA,NA,S,NA,NA,NA,NA,NA,NA,NA,NA,NA,NA,NA,NA,NA
ToRadians,S,`radians`,None,project,result,NA,NA,NA,NA,NA,NA,S,NA,NA,NA,NA,NA,NA,NA,NA,NA,NA,NA,NA,NA
ToUTCTimestamp,S,`to_utc_timestamp`,None,project,timestamp,NA,NA,NA,NA,NA,NA,NA,NA,PS,NA,NA,NA,NA,NA,NA,NA,NA,NA,NA,NA
ToUTCTimestamp,S,`to_utc_timestamp`,None,project,timezone,NA,NA,NA,NA,NA,NA,NA,NA,NA,PS,NA,NA,NA,NA,NA,NA,NA,NA,NA,NA
ToUTCTimestamp,S,`to_utc_timestamp`,None,project,result,NA,NA,NA,NA,NA,NA,NA,NA,PS,NA,NA,NA,NA,NA,NA,NA,NA,NA,NA,NA
ToUnixTimestamp,S,`to_unix_timestamp`,None,project,timeExp,NA,NA,NA,NA,NA,NA,NA,S,PS,S,NA,NA,NA,NA,NA,NA,NA,NA,NA,NA
ToUnixTimestamp,S,`to_unix_timestamp`,None,project,format,NA,NA,NA,NA,NA,NA,NA,NA,NA,PS,NA,NA,NA,NA,NA,NA,NA,NA,NA,NA
ToUnixTimestamp,S,`to_unix_timestamp`,None,project,result,NA,NA,NA,NA,S,NA,NA,NA,NA,NA,NA,NA,NA,NA,NA,NA,NA,NA,NA,NA
TransformKeys,S,`transform_keys`,None,project,argument,NA,NA,NA,NA,NA,NA,NA,NA,NA,NA,NA,NA,NA,NA,NA,PS,NA,NA,NA,NA
TransformKeys,S,`transform_keys`,None,project,function,S,S,S,S,S,S,S,S,PS,S,S,S,NS,NS,NS,NA,NS,NS,NS,NS
TransformKeys,S,`transform_keys`,None,project,result,NA,NA,NA,NA,NA,NA,NA,NA,NA,NA,NA,NA,NA,NA,NA,PS,NA,NA,NA,NA
TransformValues,S,`transform_values`,None,project,argument,NA,NA,NA,NA,NA,NA,NA,NA,NA,NA,NA,NA,NA,NA,NA,PS,NA,NA,NA,NA
TransformValues,S,`transform_values`,None,project,function,S,S,S,S,S,S,S,S,PS,S,S,S,NS,NS,PS,PS,PS,NS,NS,NS
TransformValues,S,`transform_values`,None,project,result,NA,NA,NA,NA,NA,NA,NA,NA,NA,NA,NA,NA,NA,NA,NA,PS,NA,NA,NA,NA
UnaryMinus,S,`negative`,None,project,input,NA,S,S,S,S,S,S,NA,NA,NA,S,NA,NA,NS,NA,NA,NA,NA,NS,NS
UnaryMinus,S,`negative`,None,project,result,NA,S,S,S,S,S,S,NA,NA,NA,S,NA,NA,NS,NA,NA,NA,NA,NS,NS
UnaryMinus,S,`negative`,None,AST,input,NA,NS,NS,S,S,S,S,NA,NA,NA,NS,NA,NA,NS,NA,NA,NA,NA,NS,NS
UnaryMinus,S,`negative`,None,AST,result,NA,NS,NS,S,S,S,S,NA,NA,NA,NS,NA,NA,NS,NA,NA,NA,NA,NS,NS
UnaryPositive,S,`positive`,None,project,input,NA,S,S,S,S,S,S,NA,NA,NA,S,NA,NA,NS,NA,NA,NA,NA,NS,NS
UnaryPositive,S,`positive`,None,project,result,NA,S,S,S,S,S,S,NA,NA,NA,S,NA,NA,NS,NA,NA,NA,NA,NS,NS
UnaryPositive,S,`positive`,None,AST,input,NA,S,S,S,S,S,S,NA,NA,NA,NS,NA,NA,NS,NA,NA,NA,NA,NS,NS
UnaryPositive,S,`positive`,None,AST,result,NA,S,S,S,S,S,S,NA,NA,NA,NS,NA,NA,NS,NA,NA,NA,NA,NS,NS
UnboundedFollowing$,S, ,None,project,result,NA,NA,NA,NA,NA,NA,NA,NA,NA,NA,NA,S,NA,NA,NA,NA,NA,NA,NA,NA
UnboundedPreceding$,S, ,None,project,result,NA,NA,NA,NA,NA,NA,NA,NA,NA,NA,NA,S,NA,NA,NA,NA,NA,NA,NA,NA
UnixTimestamp,S,`unix_timestamp`,None,project,timeExp,NA,NA,NA,NA,NA,NA,NA,S,PS,S,NA,NA,NA,NA,NA,NA,NA,NA,NA,NA
UnixTimestamp,S,`unix_timestamp`,None,project,format,NA,NA,NA,NA,NA,NA,NA,NA,NA,PS,NA,NA,NA,NA,NA,NA,NA,NA,NA,NA
UnixTimestamp,S,`unix_timestamp`,None,project,result,NA,NA,NA,NA,S,NA,NA,NA,NA,NA,NA,NA,NA,NA,NA,NA,NA,NA,NA,NA
UnscaledValue,S, ,None,project,input,NA,NA,NA,NA,NA,NA,NA,NA,NA,NA,PS,NA,NA,NA,NA,NA,NA,NA,NA,NA
UnscaledValue,S, ,None,project,result,NA,NA,NA,NA,S,NA,NA,NA,NA,NA,NA,NA,NA,NA,NA,NA,NA,NA,NA,NA
Upper,S,`ucase`; `upper`,This is not 100% compatible with the Spark version because the Unicode version used by cuDF and the JVM may differ; resulting in some corner-case characters not changing case correctly.,project,input,NA,NA,NA,NA,NA,NA,NA,NA,NA,S,NA,NA,NA,NA,NA,NA,NA,NA,NA,NA
Upper,S,`ucase`; `upper`,This is not 100% compatible with the Spark version because the Unicode version used by cuDF and the JVM may differ; resulting in some corner-case characters not changing case correctly.,project,result,NA,NA,NA,NA,NA,NA,NA,NA,NA,S,NA,NA,NA,NA,NA,NA,NA,NA,NA,NA
WeekDay,S,`weekday`,None,project,input,NA,NA,NA,NA,NA,NA,NA,S,NA,NA,NA,NA,NA,NA,NA,NA,NA,NA,NA,NA
WeekDay,S,`weekday`,None,project,result,NA,NA,NA,S,NA,NA,NA,NA,NA,NA,NA,NA,NA,NA,NA,NA,NA,NA,NA,NA
WindowExpression,S, ,None,window,windowFunction,S,S,S,S,S,S,S,S,PS,S,S,S,S,S,PS,PS,PS,S,S,S
WindowExpression,S, ,None,window,windowSpec,NA,S,S,S,S,NS,NS,NA,NA,NA,PS,NA,NA,S,NA,NA,NA,NA,S,NS
WindowExpression,S, ,None,window,result,S,S,S,S,S,S,S,S,PS,S,S,S,S,S,PS,PS,PS,S,S,S
WindowSpecDefinition,S, ,None,project,partition,S,S,S,S,S,S,S,S,PS,S,S,S,NS,NS,NS,NS,PS,NS,NS,NS
WindowSpecDefinition,S, ,None,project,value,S,S,S,S,S,S,S,S,PS,S,S,S,NS,NS,NS,NS,PS,NS,NS,NS
WindowSpecDefinition,S, ,None,project,result,S,S,S,S,S,S,S,S,PS,S,S,S,NS,NS,NS,NS,PS,NS,NS,NS
XxHash64,S,`xxhash64`,None,project,input,S,S,S,S,S,S,S,S,PS,S,S,S,NS,NS,NS,NS,NS,NS,NS,NS
XxHash64,S,`xxhash64`,None,project,result,NA,NA,NA,NA,S,NA,NA,NA,NA,NA,NA,NA,NA,NA,NA,NA,NA,NA,NA,NA
Year,S,`year`,None,project,input,NA,NA,NA,NA,NA,NA,NA,S,NA,NA,NA,NA,NA,NA,NA,NA,NA,NA,NA,NA
Year,S,`year`,None,project,result,NA,NA,NA,S,NA,NA,NA,NA,NA,NA,NA,NA,NA,NA,NA,NA,NA,NA,NA,NA
AggregateExpression,S, ,None,aggregation,aggFunc,S,S,S,S,S,S,S,S,PS,S,S,S,S,S,PS,PS,PS,S,S,S
AggregateExpression,S, ,None,aggregation,filter,S,NA,NA,NA,NA,NA,NA,NA,NA,NA,NA,NA,NA,NA,NA,NA,NA,NA,NA,NA
AggregateExpression,S, ,None,aggregation,result,S,S,S,S,S,S,S,S,PS,S,S,S,S,S,PS,PS,PS,S,S,S
AggregateExpression,S, ,None,reduction,aggFunc,S,S,S,S,S,S,S,S,PS,S,S,S,S,S,PS,PS,PS,S,S,S
AggregateExpression,S, ,None,reduction,filter,S,NA,NA,NA,NA,NA,NA,NA,NA,NA,NA,NA,NA,NA,NA,NA,NA,NA,NA,NA
AggregateExpression,S, ,None,reduction,result,S,S,S,S,S,S,S,S,PS,S,S,S,S,S,PS,PS,PS,S,S,S
AggregateExpression,S, ,None,window,aggFunc,S,S,S,S,S,S,S,S,PS,S,S,S,S,S,PS,PS,PS,S,S,S
AggregateExpression,S, ,None,window,filter,S,NA,NA,NA,NA,NA,NA,NA,NA,NA,NA,NA,NA,NA,NA,NA,NA,NA,NA,NA
AggregateExpression,S, ,None,window,result,S,S,S,S,S,S,S,S,PS,S,S,S,S,S,PS,PS,PS,S,S,S
ApproximatePercentile,S,`approx_percentile`; `percentile_approx`,This is not 100% compatible with the Spark version because the GPU implementation of approx_percentile is not bit-for-bit compatible with Apache Spark,aggregation,input,NA,S,S,S,S,S,S,NS,NS,NA,S,NA,NA,NA,NA,NA,NA,NA,NA,NA
ApproximatePercentile,S,`approx_percentile`; `percentile_approx`,This is not 100% compatible with the Spark version because the GPU implementation of approx_percentile is not bit-for-bit compatible with Apache Spark,aggregation,percentage,NA,NA,NA,NA,NA,NA,S,NA,NA,NA,NA,NA,NA,NA,S,NA,NA,NA,NA,NA
ApproximatePercentile,S,`approx_percentile`; `percentile_approx`,This is not 100% compatible with the Spark version because the GPU implementation of approx_percentile is not bit-for-bit compatible with Apache Spark,aggregation,accuracy,NA,NA,NA,S,NA,NA,NA,NA,NA,NA,NA,NA,NA,NA,NA,NA,NA,NA,NA,NA
ApproximatePercentile,S,`approx_percentile`; `percentile_approx`,This is not 100% compatible with the Spark version because the GPU implementation of approx_percentile is not bit-for-bit compatible with Apache Spark,aggregation,result,NA,S,S,S,S,S,S,NS,NS,NA,S,NA,NA,NA,PS,NA,NA,NA,NA,NA
ApproximatePercentile,S,`approx_percentile`; `percentile_approx`,This is not 100% compatible with the Spark version because the GPU implementation of approx_percentile is not bit-for-bit compatible with Apache Spark,reduction,input,NA,S,S,S,S,S,S,NS,NS,NA,S,NA,NA,NA,NA,NA,NA,NA,NA,NA
ApproximatePercentile,S,`approx_percentile`; `percentile_approx`,This is not 100% compatible with the Spark version because the GPU implementation of approx_percentile is not bit-for-bit compatible with Apache Spark,reduction,percentage,NA,NA,NA,NA,NA,NA,S,NA,NA,NA,NA,NA,NA,NA,S,NA,NA,NA,NA,NA
ApproximatePercentile,S,`approx_percentile`; `percentile_approx`,This is not 100% compatible with the Spark version because the GPU implementation of approx_percentile is not bit-for-bit compatible with Apache Spark,reduction,accuracy,NA,NA,NA,S,NA,NA,NA,NA,NA,NA,NA,NA,NA,NA,NA,NA,NA,NA,NA,NA
ApproximatePercentile,S,`approx_percentile`; `percentile_approx`,This is not 100% compatible with the Spark version because the GPU implementation of approx_percentile is not bit-for-bit compatible with Apache Spark,reduction,result,NA,S,S,S,S,S,S,NS,NS,NA,S,NA,NA,NA,PS,NA,NA,NA,NA,NA
Average,S,`avg`; `mean`,None,aggregation,input,NA,S,S,S,S,S,S,NA,NA,NA,S,S,NA,NS,NA,NA,NA,NA,NS,NS
Average,S,`avg`; `mean`,None,aggregation,result,NA,NA,NA,NA,NA,NA,S,NA,NA,NA,S,NA,NA,NA,NA,NA,NA,NA,NA,NA
Average,S,`avg`; `mean`,None,reduction,input,NA,S,S,S,S,S,S,NA,NA,NA,S,S,NA,NS,NA,NA,NA,NA,NS,NS
Average,S,`avg`; `mean`,None,reduction,result,NA,NA,NA,NA,NA,NA,S,NA,NA,NA,S,NA,NA,NA,NA,NA,NA,NA,NA,NA
Average,S,`avg`; `mean`,None,window,input,NA,S,S,S,S,S,S,NA,NA,NA,S,S,NA,NS,NA,NA,NA,NA,NS,NS
Average,S,`avg`; `mean`,None,window,result,NA,NA,NA,NA,NA,NA,S,NA,NA,NA,S,NA,NA,NA,NA,NA,NA,NA,NA,NA
CollectList,S,`collect_list`,None,aggregation,input,S,S,S,S,S,S,S,S,PS,S,S,S,S,NS,PS,PS,PS,NS,NS,NS
CollectList,S,`collect_list`,None,aggregation,result,NA,NA,NA,NA,NA,NA,NA,NA,NA,NA,NA,NA,NA,NA,PS,NA,NA,NA,NA,NA
CollectList,S,`collect_list`,None,reduction,input,S,S,S,S,S,S,S,S,PS,S,S,S,S,NS,PS,PS,PS,NS,NS,NS
CollectList,S,`collect_list`,None,reduction,result,NA,NA,NA,NA,NA,NA,NA,NA,NA,NA,NA,NA,NA,NA,PS,NA,NA,NA,NA,NA
CollectList,S,`collect_list`,None,window,input,S,S,S,S,S,S,S,S,PS,S,S,S,S,NS,PS,PS,PS,NS,NS,NS
CollectList,S,`collect_list`,None,window,result,NA,NA,NA,NA,NA,NA,NA,NA,NA,NA,NA,NA,NA,NA,PS,NA,NA,NA,NA,NA
CollectSet,S,`collect_set`,None,aggregation,input,S,S,S,S,S,S,S,S,PS,S,S,S,NS,NS,PS,NS,PS,NS,NS,NS
CollectSet,S,`collect_set`,None,aggregation,result,NA,NA,NA,NA,NA,NA,NA,NA,NA,NA,NA,NA,NA,NA,PS,NA,NA,NA,NA,NA
CollectSet,S,`collect_set`,None,reduction,input,S,S,S,S,S,S,S,S,PS,S,S,S,NS,NS,PS,NS,PS,NS,NS,NS
CollectSet,S,`collect_set`,None,reduction,result,NA,NA,NA,NA,NA,NA,NA,NA,NA,NA,NA,NA,NA,NA,PS,NA,NA,NA,NA,NA
CollectSet,S,`collect_set`,None,window,input,S,S,S,S,S,S,S,S,PS,S,S,S,NS,NS,PS,NS,PS,NS,NS,NS
CollectSet,S,`collect_set`,None,window,result,NA,NA,NA,NA,NA,NA,NA,NA,NA,NA,NA,NA,NA,NA,PS,NA,NA,NA,NA,NA
Count,S,`count`,None,aggregation,input,S,S,S,S,S,S,S,S,PS,S,S,S,S,S,PS,PS,PS,S,S,S
Count,S,`count`,None,aggregation,result,NA,NA,NA,NA,S,NA,NA,NA,NA,NA,NA,NA,NA,NA,NA,NA,NA,NA,NA,NA
Count,S,`count`,None,reduction,input,S,S,S,S,S,S,S,S,PS,S,S,S,S,S,PS,PS,PS,S,S,S
Count,S,`count`,None,reduction,result,NA,NA,NA,NA,S,NA,NA,NA,NA,NA,NA,NA,NA,NA,NA,NA,NA,NA,NA,NA
Count,S,`count`,None,window,input,S,S,S,S,S,S,S,S,PS,S,S,S,S,S,PS,PS,PS,S,S,S
Count,S,`count`,None,window,result,NA,NA,NA,NA,S,NA,NA,NA,NA,NA,NA,NA,NA,NA,NA,NA,NA,NA,NA,NA
First,S,`first_value`; `first`,None,aggregation,input,S,S,S,S,S,S,S,S,PS,S,S,S,S,NS,PS,PS,PS,NS,NS,NS
First,S,`first_value`; `first`,None,aggregation,result,S,S,S,S,S,S,S,S,PS,S,S,S,S,NS,PS,PS,PS,NS,NS,NS
First,S,`first_value`; `first`,None,reduction,input,S,S,S,S,S,S,S,S,PS,S,S,S,S,NS,PS,PS,PS,NS,NS,NS
First,S,`first_value`; `first`,None,reduction,result,S,S,S,S,S,S,S,S,PS,S,S,S,S,NS,PS,PS,PS,NS,NS,NS
First,S,`first_value`; `first`,None,window,input,S,S,S,S,S,S,S,S,PS,S,S,S,S,NS,PS,PS,PS,NS,NS,NS
First,S,`first_value`; `first`,None,window,result,S,S,S,S,S,S,S,S,PS,S,S,S,S,NS,PS,PS,PS,NS,NS,NS
Last,S,`last_value`; `last`,None,aggregation,input,S,S,S,S,S,S,S,S,PS,S,S,S,S,NS,PS,PS,PS,NS,NS,NS
Last,S,`last_value`; `last`,None,aggregation,result,S,S,S,S,S,S,S,S,PS,S,S,S,S,NS,PS,PS,PS,NS,NS,NS
Last,S,`last_value`; `last`,None,reduction,input,S,S,S,S,S,S,S,S,PS,S,S,S,S,NS,PS,PS,PS,NS,NS,NS
Last,S,`last_value`; `last`,None,reduction,result,S,S,S,S,S,S,S,S,PS,S,S,S,S,NS,PS,PS,PS,NS,NS,NS
Last,S,`last_value`; `last`,None,window,input,S,S,S,S,S,S,S,S,PS,S,S,S,S,NS,PS,PS,PS,NS,NS,NS
Last,S,`last_value`; `last`,None,window,result,S,S,S,S,S,S,S,S,PS,S,S,S,S,NS,PS,PS,PS,NS,NS,NS
Max,S,`max`,None,aggregation,input,S,S,S,S,S,S,S,S,PS,S,S,S,NS,NS,PS,NA,PS,NS,NA,NA
Max,S,`max`,None,aggregation,result,S,S,S,S,S,S,S,S,PS,S,S,S,NS,NS,PS,NA,PS,NS,NA,NA
Max,S,`max`,None,reduction,input,S,S,S,S,S,S,S,S,PS,S,S,S,NS,NS,PS,NA,PS,NS,NA,NA
Max,S,`max`,None,reduction,result,S,S,S,S,S,S,S,S,PS,S,S,S,NS,NS,PS,NA,PS,NS,NA,NA
Max,S,`max`,None,window,input,S,S,S,S,S,S,S,S,PS,S,S,S,NS,NS,NS,NA,NS,NS,NA,NA
Max,S,`max`,None,window,result,S,S,S,S,S,S,S,S,PS,S,S,S,NS,NS,NS,NA,NS,NS,NA,NA
Min,S,`min`,None,aggregation,input,S,S,S,S,S,S,S,S,PS,S,S,S,NS,NS,PS,NA,PS,NS,NA,NA
Min,S,`min`,None,aggregation,result,S,S,S,S,S,S,S,S,PS,S,S,S,NS,NS,PS,NA,PS,NS,NA,NA
Min,S,`min`,None,reduction,input,S,S,S,S,S,S,S,S,PS,S,S,S,NS,NS,PS,NA,PS,NS,NA,NA
Min,S,`min`,None,reduction,result,S,S,S,S,S,S,S,S,PS,S,S,S,NS,NS,PS,NA,PS,NS,NA,NA
Min,S,`min`,None,window,input,S,S,S,S,S,S,S,S,PS,S,S,S,NS,NS,NS,NA,NS,NS,NA,NA
Min,S,`min`,None,window,result,S,S,S,S,S,S,S,S,PS,S,S,S,NS,NS,NS,NA,NS,NS,NA,NA
Percentile,S,`percentile`,None,aggregation,input,NA,S,S,S,S,S,S,NA,NA,NA,NA,NA,NA,NA,NA,NA,NA,NA,NA,NA
Percentile,S,`percentile`,None,aggregation,percentage,NA,NA,NA,NA,NA,NA,PS,NA,NA,NA,NA,NA,NA,NA,S,NA,NA,NA,NA,NA
Percentile,S,`percentile`,None,aggregation,frequency,NA,NA,NA,NA,S,NA,NA,NA,NA,NA,NA,NA,NA,NA,S,NA,NA,NA,NA,NA
Percentile,S,`percentile`,None,aggregation,result,NA,NA,NA,NA,NA,NA,S,NA,NA,NA,NA,NA,NA,NA,S,NA,NA,NA,NA,NA
Percentile,S,`percentile`,None,reduction,input,NA,S,S,S,S,S,S,NA,NA,NA,NA,NA,NA,NA,NA,NA,NA,NA,NA,NA
Percentile,S,`percentile`,None,reduction,percentage,NA,NA,NA,NA,NA,NA,PS,NA,NA,NA,NA,NA,NA,NA,S,NA,NA,NA,NA,NA
Percentile,S,`percentile`,None,reduction,frequency,NA,NA,NA,NA,S,NA,NA,NA,NA,NA,NA,NA,NA,NA,S,NA,NA,NA,NA,NA
Percentile,S,`percentile`,None,reduction,result,NA,NA,NA,NA,NA,NA,S,NA,NA,NA,NA,NA,NA,NA,S,NA,NA,NA,NA,NA
PivotFirst,S, ,None,aggregation,pivotColumn,S,S,S,S,S,S,S,S,PS,S,S,S,NS,NS,NS,NS,NS,NS,NS,NS
PivotFirst,S, ,None,aggregation,valueColumn,S,S,S,S,S,S,S,S,PS,S,S,S,NS,NS,NS,NS,NS,NS,NS,NS
PivotFirst,S, ,None,aggregation,result,S,S,S,S,S,S,S,S,PS,S,S,S,NS,NS,PS,NS,NS,NS,NS,NS
PivotFirst,S, ,None,reduction,pivotColumn,S,S,S,S,S,S,S,S,PS,S,S,S,NS,NS,NS,NS,NS,NS,NS,NS
PivotFirst,S, ,None,reduction,valueColumn,S,S,S,S,S,S,S,S,PS,S,S,S,NS,NS,NS,NS,NS,NS,NS,NS
PivotFirst,S, ,None,reduction,result,S,S,S,S,S,S,S,S,PS,S,S,S,NS,NS,PS,NS,NS,NS,NS,NS
StddevPop,S,`stddev_pop`,None,reduction,input,NA,NA,NA,NA,NA,NA,NS,NA,NA,NA,NA,NA,NA,NA,NA,NA,NA,NA,NA,NA
StddevPop,S,`stddev_pop`,None,reduction,result,NA,NA,NA,NA,NA,NA,NS,NA,NA,NA,NA,NA,NA,NA,NA,NA,NA,NA,NA,NA
StddevPop,S,`stddev_pop`,None,aggregation,input,NA,NA,NA,NA,NA,NA,S,NA,NA,NA,NA,NA,NA,NA,NA,NA,NA,NA,NA,NA
StddevPop,S,`stddev_pop`,None,aggregation,result,NA,NA,NA,NA,NA,NA,S,NA,NA,NA,NA,NA,NA,NA,NA,NA,NA,NA,NA,NA
StddevPop,S,`stddev_pop`,None,window,input,NA,NA,NA,NA,NA,NA,NS,NA,NA,NA,NA,NA,NA,NA,NA,NA,NA,NA,NA,NA
StddevPop,S,`stddev_pop`,None,window,result,NA,NA,NA,NA,NA,NA,NS,NA,NA,NA,NA,NA,NA,NA,NA,NA,NA,NA,NA,NA
StddevSamp,S,`std`; `stddev_samp`; `stddev`,None,aggregation,input,NA,NA,NA,NA,NA,NA,S,NA,NA,NA,NA,NA,NA,NA,NA,NA,NA,NA,NA,NA
StddevSamp,S,`std`; `stddev_samp`; `stddev`,None,aggregation,result,NA,NA,NA,NA,NA,NA,S,NA,NA,NA,NA,NA,NA,NA,NA,NA,NA,NA,NA,NA
StddevSamp,S,`std`; `stddev_samp`; `stddev`,None,reduction,input,NA,NA,NA,NA,NA,NA,S,NA,NA,NA,NA,NA,NA,NA,NA,NA,NA,NA,NA,NA
StddevSamp,S,`std`; `stddev_samp`; `stddev`,None,reduction,result,NA,NA,NA,NA,NA,NA,S,NA,NA,NA,NA,NA,NA,NA,NA,NA,NA,NA,NA,NA
StddevSamp,S,`std`; `stddev_samp`; `stddev`,None,window,input,NA,NA,NA,NA,NA,NA,S,NA,NA,NA,NA,NA,NA,NA,NA,NA,NA,NA,NA,NA
StddevSamp,S,`std`; `stddev_samp`; `stddev`,None,window,result,NA,NA,NA,NA,NA,NA,S,NA,NA,NA,NA,NA,NA,NA,NA,NA,NA,NA,NA,NA
Sum,S,`sum`,None,aggregation,input,NA,S,S,S,S,S,S,NA,NA,NA,S,NA,NA,NA,NA,NA,NA,NA,NA,NA
Sum,S,`sum`,None,aggregation,result,NA,NA,NA,NA,S,NA,S,NA,NA,NA,S,NA,NA,NA,NA,NA,NA,NA,NA,NA
Sum,S,`sum`,None,reduction,input,NA,S,S,S,S,S,S,NA,NA,NA,S,NA,NA,NA,NA,NA,NA,NA,NA,NA
Sum,S,`sum`,None,reduction,result,NA,NA,NA,NA,S,NA,S,NA,NA,NA,S,NA,NA,NA,NA,NA,NA,NA,NA,NA
Sum,S,`sum`,None,window,input,NA,S,S,S,S,S,S,NA,NA,NA,S,NA,NA,NA,NA,NA,NA,NA,NA,NA
Sum,S,`sum`,None,window,result,NA,NA,NA,NA,S,NA,S,NA,NA,NA,S,NA,NA,NA,NA,NA,NA,NA,NA,NA
VariancePop,S,`var_pop`,None,reduction,input,NA,NA,NA,NA,NA,NA,NS,NA,NA,NA,NA,NA,NA,NA,NA,NA,NA,NA,NA,NA
VariancePop,S,`var_pop`,None,reduction,result,NA,NA,NA,NA,NA,NA,NS,NA,NA,NA,NA,NA,NA,NA,NA,NA,NA,NA,NA,NA
VariancePop,S,`var_pop`,None,aggregation,input,NA,NA,NA,NA,NA,NA,S,NA,NA,NA,NA,NA,NA,NA,NA,NA,NA,NA,NA,NA
VariancePop,S,`var_pop`,None,aggregation,result,NA,NA,NA,NA,NA,NA,S,NA,NA,NA,NA,NA,NA,NA,NA,NA,NA,NA,NA,NA
VariancePop,S,`var_pop`,None,window,input,NA,NA,NA,NA,NA,NA,NS,NA,NA,NA,NA,NA,NA,NA,NA,NA,NA,NA,NA,NA
VariancePop,S,`var_pop`,None,window,result,NA,NA,NA,NA,NA,NA,NS,NA,NA,NA,NA,NA,NA,NA,NA,NA,NA,NA,NA,NA
VarianceSamp,S,`var_samp`; `variance`,None,reduction,input,NA,NA,NA,NA,NA,NA,NS,NA,NA,NA,NA,NA,NA,NA,NA,NA,NA,NA,NA,NA
VarianceSamp,S,`var_samp`; `variance`,None,reduction,result,NA,NA,NA,NA,NA,NA,NS,NA,NA,NA,NA,NA,NA,NA,NA,NA,NA,NA,NA,NA
VarianceSamp,S,`var_samp`; `variance`,None,aggregation,input,NA,NA,NA,NA,NA,NA,S,NA,NA,NA,NA,NA,NA,NA,NA,NA,NA,NA,NA,NA
VarianceSamp,S,`var_samp`; `variance`,None,aggregation,result,NA,NA,NA,NA,NA,NA,S,NA,NA,NA,NA,NA,NA,NA,NA,NA,NA,NA,NA,NA
VarianceSamp,S,`var_samp`; `variance`,None,window,input,NA,NA,NA,NA,NA,NA,NS,NA,NA,NA,NA,NA,NA,NA,NA,NA,NA,NA,NA,NA
VarianceSamp,S,`var_samp`; `variance`,None,window,result,NA,NA,NA,NA,NA,NA,NS,NA,NA,NA,NA,NA,NA,NA,NA,NA,NA,NA,NA,NA
NormalizeNaNAndZero,S, ,None,project,input,NA,NA,NA,NA,NA,S,S,NA,NA,NA,NA,NA,NA,NA,NA,NA,NA,NA,NA,NA
NormalizeNaNAndZero,S, ,None,project,result,NA,NA,NA,NA,NA,S,S,NA,NA,NA,NA,NA,NA,NA,NA,NA,NA,NA,NA,NA
ScalarSubquery,S, ,None,project,result,S,S,S,S,S,S,S,S,PS,S,S,S,S,NS,PS,PS,PS,NS,NS,NS
HiveGenericUDF,S, ,None,project,param,S,S,S,S,S,S,S,S,PS,S,S,S,S,S,PS,PS,PS,NS,NS,NS
HiveGenericUDF,S, ,None,project,result,S,S,S,S,S,S,S,S,PS,S,S,S,S,S,PS,PS,PS,NS,NS,NS
HiveSimpleUDF,S, ,None,project,param,S,S,S,S,S,S,S,S,PS,S,S,S,S,S,PS,PS,PS,NS,NS,NS
HiveSimpleUDF,S, ,None,project,result,S,S,S,S,S,S,S,S,PS,S,S,S,S,S,PS,PS,PS,NS,NS,NS
